Date,close,kaipan,max,min,final
12/22/2013,30,29,29.9,29,30
12/23/2013,29.9,29.8,29.8,29.8,29.9
12/24/2013,29.8,29.8,29.8,29.8,29.8
12/25/2013,29.8,29.8,29.8,29.8,29.8
12/26/2013,29.8,29.8,29.8,29.8,29.8
12/27/2013,29.7,29.7,29.7,29.7,29.7
12/28/2013,29.7,29.7,29.7,29.7,29.7
12/29/2013,29.7,29.7,29.7,29.7,29.7
12/30/2013,29.7,29.7,29.7,29.7,29.7
12/31/2013,29.8,29.8,29.8,29.8,29.8
1/1/2014,29.7,29.7,29.7,29.7,29.7
1/2/2014,29.7,29.7,29.7,29.7,29.7
1/3/2014,29.8,29.8,29.8,29.8,29.8
1/4/2014,29.8,29.8,29.8,29.8,29.8
1/5/2014,29.8,29.8,29.8,29.8,29.8
1/6/2014,29.7,29.7,29.7,29.7,29.7
1/7/2014,29.6,29.6,29.6,29.6,29.6
1/8/2014,29.8,29.5,29.8,29.5,29.66
1/9/2014,29.7,29.7,29.7,29.7,29.7
1/10/2014,29.9,29.7,29.9,29.7,29.8
1/11/2014,29.9,29.7,29.9,29.7,29.8
1/12/2014,29.9,29.7,29.9,29.7,29.8
1/13/2014,29.72,29.6,29.8,29.6,29.72
1/14/2014,29.9,29.8,29.9,29.8,29.83
1/15/2014,29.9,29.9,29.9,29.9,29.9
1/16/2014,29.9,29.9,29.9,29.9,29.9
1/17/2014,32.5,30,32.5,30,31.6
1/18/2014,32.5,30,32.5,30,31.6
1/19/2014,32.5,30,32.5,30,31.6
1/20/2014,32,31,32,31,31.5
1/21/2014,32.5,32.5,32.5,32.5,32.5
1/22/2014,32.5,32.5,32.5,32.5,32.5
1/23/2014,32,32,32,32,32
1/24/2014,33,33,33,33,33
1/25/2014,33,33,33,33,33
1/26/2014,33,33,33,33,33
1/27/2014,33,33,33,33,33
1/28/2014,33,33,33,33,33
1/29/2014,33,33,33,33,33
1/30/2014,33,33,33,33,33
1/31/2014,33,33,33,33,33
2/1/2014,33,33,33,33,33
2/2/2014,33,33,33,33,33
2/3/2014,33,33,33,33,33
2/4/2014,33,33,33,33,33
2/5/2014,33,33,33,33,33
2/6/2014,33,33,33,33,33
2/7/2014,33.5,33.5,33.5,33.5,33.5
2/8/2014,33.5,33.5,33.5,33.5,33.5
2/9/2014,33.5,33.5,33.5,33.5,33.5
2/10/2014,34.5,34.5,34.5,34.5,34.5
2/11/2014,34.5,34.5,34.5,34.5,34.5
2/12/2014,35,35,35,35,35
2/13/2014,35.1,34.5,37,34.5,35.1
2/14/2014,35.5,35.5,35.5,35.5,35.5
2/15/2014,35.5,35.5,35.5,35.5,35.5
2/16/2014,35.5,35.5,35.5,35.5,35.5
2/17/2014,37,35.7,37,35.7,37
2/18/2014,38,37.5,38,37.5,37.6
2/19/2014,42.4,38.3,43,38.3,40.2
2/20/2014,43.8,40,40,40,42.5
2/21/2014,44.9,44.2,46,44.2,45.4
2/22/2014,44.9,44.2,46,44.2,45.4
2/23/2014,44.9,44.2,46,44.2,45.4
2/24/2014,40.3,40,41,40,40.3
2/25/2014,37.5,37.5,40,37.5,37.5
2/26/2014,40,40,40,40,40
2/27/2014,40,40,40,40,40
2/28/2014,40.8,40.8,40.8,40.8,40.8
3/1/2014,40.8,40.8,40.8,40.8,40.8
3/2/2014,40.8,40.8,40.8,40.8,40.8
3/3/2014,37.1,37,37.1,37,37.1
3/4/2014,37.1,37,37.1,37,37.1
3/5/2014,40.1,40,40.5,40,40.08
3/6/2014,40.3,40,40.5,40,40.25
3/7/2014,40.3,40,40.5,40,40.25
3/8/2014,40.3,40,40.5,40,40.25
3/9/2014,40.3,40,40.5,40,40.25
3/10/2014,39.5,39.5,39.5,39.5,39.5
3/11/2014,39.7,39.6,41,39.6,39.73
3/12/2014,39.8,39.6,40,39.6,39.8
3/13/2014,40,40,40,40,40
3/14/2014,40,40,40,40,40
3/15/2014,40,40,40,40,40
3/16/2014,40,40,40,40,40
3/17/2014,40,40,40,40,40
3/18/2014,39,39,39,39,39
3/19/2014,39.8,39.6,40,39.6,39.8
3/20/2014,40,39.8,40,39.8,39.82
3/21/2014,40.4,40.8,41,40.8,40.41
3/22/2014,40.4,40.8,41,40.8,40.41
3/23/2014,40.4,40.8,41,40.8,40.41
3/24/2014,40.5,40.5,40.5,40.5,40.5
3/25/2014,40,40,40,40,40
3/26/2014,40,40,40,40,40
3/27/2014,40.1,40,40.2,40,40.07
3/28/2014,40,40,40,40,40
3/29/2014,40,40,40,40,40
3/30/2014,40,40,40,40,40
3/31/2014,40,40,40,40,40
4/1/2014,39.5,39.5,39.5,39.5,39.5
4/2/2014,38.5,38,39,38,38.5
4/3/2014,39.2,39,39.5,39,39.16
4/4/2014,39.4,39,39.5,39,39.37
4/5/2014,39.4,39,39.5,39,39.37
4/6/2014,39.4,39,39.5,39,39.37
4/7/2014,39.4,39,39.5,39,39.37
4/8/2014,39.3,39.5,39.5,39.5,39.33
4/9/2014,38.9,38.6,39,38.6,38.9
4/10/2014,39,39,39,39,38.95
4/11/2014,39,39,39,39,38.95
4/12/2014,39,39,39,39,38.95
4/13/2014,39,39,39,39,38.95
4/14/2014,39.2,39.2,39.2,39.2,39.2
4/15/2014,40.1,40.2,40.2,40.2,40.05
4/16/2014,39.8,40.2,40.2,40.2,39.8
4/17/2014,39.8,40.2,40.2,40.2,39.8
4/18/2014,36,36,36,36,36
4/19/2014,36,36,36,36,36
4/20/2014,36,36,36,36,36
4/21/2014,38,38,38,38,38
4/22/2014,39,39,39,39,39
4/23/2014,39.5,39.5,39.5,39.5,39.5
4/24/2014,39.5,39.5,39.5,39.5,39.5
4/25/2014,39.5,39.5,39.5,39.5,39.45
4/26/2014,39.5,39.5,39.5,39.5,39.45
4/27/2014,39.5,39.5,39.5,39.5,39.45
4/28/2014,39.4,39.4,39.4,39.4,39.4
4/29/2014,39.6,39.5,39.8,39.5,39.62
4/30/2014,39.1,39.5,39.5,39.5,39.06
5/1/2014,39.1,39.5,39.5,39.5,39.06
5/2/2014,39.1,39.5,39.5,39.5,39.06
5/3/2014,39.1,39.5,39.5,39.5,39.06
5/4/2014,39.1,39.5,39.5,39.5,39.06
5/5/2014,39.1,39.5,39.5,39.5,39.06
5/6/2014,38.8,38.8,38.8,38.8,38.8
5/7/2014,38.8,38.8,38.8,38.8,38.8
5/8/2014,39,39,39,39,39
5/9/2014,39,39,39,39,39
5/10/2014,39,39,39,39,39
5/11/2014,39,39,39,39,39
5/12/2014,38.9,39,39,39,38.9
5/13/2014,38.9,38.9,38.9,38.9,38.86
5/14/2014,39.8,39.8,39.8,39.8,39.75
5/15/2014,39.8,39.8,39.8,39.8,39.75
5/16/2014,39.2,39.2,39.2,39.2,39.2
5/17/2014,39.2,39.2,39.2,39.2,39.2
5/18/2014,39.2,39.2,39.2,39.2,39.2
5/19/2014,39.4,39.3,39.5,39.3,39.38
5/20/2014,39.5,39.5,39.5,39.5,39.5
5/21/2014,39.5,39.5,39.5,39.5,39.5
5/22/2014,35,38.5,38.9,38.5,38.17
5/23/2014,39.5,38.5,39.5,38.5,38.54
5/24/2014,39.5,38.5,39.5,38.5,38.54
5/25/2014,39.5,38.5,39.5,38.5,38.54
5/26/2014,38.1,38,38,38,38.08
5/27/2014,38.1,38,38,38,38.08
5/28/2014,38.9,38.8,39,38.8,38.88
5/29/2014,38.5,38.5,38.5,38.5,38.5
5/30/2014,38.5,38.5,38.6,38.5,38.51
5/31/2014,38.51,38.5,38.6,38.5,38.51
6/1/2014,38.51,38.5,38.6,38.5,38.51
6/2/2014,38.51,38.5,38.6,38.5,38.51
6/3/2014,38.5,38.5,38.5,38.5,38.5
6/4/2014,28,28,28,28,28
6/5/2014,39.5,39.5,39.5,39.5,39.5
6/6/2014,39.6,39.5,39.7,39.5,39.64
6/7/2014,39.64,39.5,39.7,39.5,39.64
6/8/2014,39.64,39.5,39.7,39.5,39.64
6/9/2014,40,40,40,40,40
6/10/2014,40,40,40,40,40
6/11/2014,40,40,40,40,40
6/12/2014,40,40,40.1,40,40
6/13/2014,40.1,40,40.5,40,40.14
6/14/2014,40.1,40,40.5,40,40.14
6/15/2014,40.1,40,40.5,40,40.14
6/16/2014,40.5,40.3,41,40.3,40.6
6/17/2014,41,41,42,41,41
6/18/2014,41,41,43,41,41
6/19/2014,42.8,41,43,41,42.8
6/20/2014,43,43,44,43,43.03
6/21/2014,43,43,44,43,43.03
6/22/2014,43,43,44,43,43.03
6/23/2014,41,39.3,42,39.3,40.85
6/24/2014,39.6,41,41,41,39.72
6/25/2014,39.1,40,40,40,39.1
6/26/2014,38.9,39.5,39.5,39.5,39.1
6/27/2014,39,40,40,40,39.41
6/28/2014,39,40,40,40,38.5
6/29/2014,39,40,40,40,38.5
6/30/2014,48,48,48,48,48
7/1/2014,48,48,48,48,48
7/2/2014,48,48,48,48,48
7/3/2014,48,48,48,48,48
7/4/2014,48,48,48,48,48
7/5/2014,48,48,48,48,48
7/6/2014,48,48,48,48,48
7/7/2014,48,48,48,48,48
7/8/2014,48,48,48,48,48
7/9/2014,48,48,48,48,48
7/10/2014,48,48,48,48,48
7/11/2014,48,48,48,48,48
7/12/2014,48,48,48,48,48
7/13/2014,48,48,48,48,48
7/14/2014,48,48,48,48,48
7/15/2014,48,48,48,48,48
7/16/2014,48,48,48,48,48
7/17/2014,48,48,48,48,48
7/18/2014,48,48,48,48,48
7/19/2014,48,48,48,48,48
7/20/2014,48,48,48,48,48
7/21/2014,48,48,48,48,48
7/22/2014,48,48,48,48,48
7/23/2014,48,48,48,48,48
7/24/2014,48,48,48,48,48
7/25/2014,48,48,48,48,48
7/26/2014,48,48,48,48,48
7/27/2014,48,48,48,48,48
7/28/2014,48,48,48,48,48
7/29/2014,48,48,48,48,48
7/30/2014,48,48,48,48,48
7/31/2014,48,48,48,48,48
8/1/2014,48,48,48,48,48
8/2/2014,48,48,48,48,48
8/3/2014,48,48,48,48,48
8/4/2014,48,48,48,48,48
8/5/2014,48,48,48,48,48
8/6/2014,48,48,48,48,48
8/7/2014,48,48,48,48,48
8/8/2014,48,48,48,48,48
8/9/2014,48,48,48,48,48
8/10/2014,48,48,48,48,48
8/11/2014,48,48,48,48,48
8/12/2014,48,48,48,48,48
8/13/2014,48,48,48,48,48
8/14/2014,48,48,48,48,48
8/15/2014,48,48,48,48,48
8/16/2014,48,48,48,48,48
8/17/2014,48,48,48,48,48
8/18/2014,48,48,48,48,48
8/19/2014,48,48,48,48,48
8/20/2014,48,48,48,48,48
8/21/2014,48,48,48,48,48
8/22/2014,48,48,48,48,48
8/23/2014,48,48,48,48,48
8/24/2014,48,48,48,48,48
8/25/2014,48,48,48,48,48
8/26/2014,48,48,48,48,48
8/27/2014,48,48,48,48,48
8/28/2014,48,48,48,48,48
8/29/2014,48,48,48,48,48
8/30/2014,48,48,48,48,48
8/31/2014,48,48,48,48,48
9/1/2014,48,48,48,48,48
9/2/2014,48,48,48,48,48
9/3/2014,48,48,48,48,48
9/4/2014,29,29,29,29,29
9/5/2014,29,29,29,29,29
9/6/2014,29,29,29,29,29
9/7/2014,29,29,29,29,29
9/8/2014,29,29,29,29,29
9/9/2014,29,29,29,29,29
9/10/2014,29,29,29,29,29
9/11/2014,29,29,29,29,29
9/12/2014,29,29,29,29,29
9/13/2014,29,29,29,29,29
9/14/2014,29,29,29,29,29
9/15/2014,29,29,29,29,29
9/16/2014,29,29,29,29,29
9/17/2014,29,29,29,29,29
9/18/2014,29,29,29,29,29
9/19/2014,29,29,29,29,29
9/20/2014,29,29,29,29,29
9/21/2014,29,29,29,29,29
9/22/2014,31.4,30.9,31.5,30.9,31.4
9/23/2014,32,32.1,32.1,32.1,32
9/24/2014,33,33,33,33,33
9/25/2014,34,33.8,34.1,33.8,34
9/26/2014,34.4,34.2,34.9,34.2,34.36
9/27/2014,34.4,34.2,34.9,34.2,34.36
9/28/2014,34.4,34.2,34.9,34.2,34.36
9/29/2014,34.7,34.5,34.9,34.5,34.72
9/30/2014,34.9,34.9,34.9,34.9,34.9
10/1/2014,34.9,34.9,34.9,34.9,34.9
10/2/2014,34.9,34.9,34.9,34.9,34.9
10/3/2014,34.9,34.9,34.9,34.9,34.9
10/4/2014,34.9,34.9,34.9,34.9,34.9
10/5/2014,34.9,34.9,34.9,34.9,34.9
10/6/2014,34.9,34.9,34.9,34.9,34.9
10/7/2014,34.9,34.9,34.9,34.9,34.9
10/8/2014,35,35,35,35,35
10/9/2014,35.1,35.1,35.1,35.1,35.1
10/10/2014,35.1,35.1,35.1,35.1,35.1
10/11/2014,35.1,35.1,35.1,35.1,35.1
10/12/2014,35.1,35.1,35.1,35.1,35.1
10/13/2014,35.5,35.5,35.5,35.5,35.5
10/14/2014,35.5,35.5,35.5,35.5,35.5
10/15/2014,35.3,35.3,35.3,35.3,35.3
10/16/2014,35.5,35.5,35.5,35.5,35.5
10/17/2014,35.7,35.5,35.8,35.5,35.5
10/18/2014,35.7,35.5,35.8,35.5,35.5
10/19/2014,35.7,35.5,35.8,35.5,35.5
10/20/2014,35.8,35.8,35.8,35.8,35.8
10/21/2014,35.8,35.8,35.8,35.8,35.8
10/22/2014,35.8,35.8,35.8,35.8,35.8
10/23/2014,35.8,35.8,35.8,35.8,35.8
10/24/2014,35.8,35.8,35.8,35.8,35.8
10/25/2014,35.8,35.8,35.8,35.8,35.8
10/26/2014,35.8,35.8,35.8,35.8,35.8
10/27/2014,35.8,35.8,35.8,35.8,35.8
10/28/2014,35.8,35.8,35.8,35.8,35.8
10/29/2014,35.8,35.8,35.8,35.8,35.8
10/30/2014,35.8,35.8,35.8,35.8,35.8
10/31/2014,35.6,35.6,35.6,35.6,35.6
11/1/2014,35.6,35.6,35.6,35.6,35.6
11/2/2014,35.6,35.6,35.6,35.6,35.6
11/3/2014,35.8,35.8,35.8,35.8,35.8
11/4/2014,35.8,35.8,35.8,35.8,35.8
11/5/2014,35.8,35.8,35.8,35.8,35.8
11/6/2014,35.8,35.8,35.8,35.8,35.8
11/7/2014,35.8,35.8,35.8,35.8,35.8
11/8/2014,35.8,35.8,35.8,35.8,35.8
11/9/2014,35.8,35.8,35.8,35.8,35.8
11/10/2014,35.8,35.8,35.8,35.8,35.8
11/11/2014,35.5,35.5,35.5,35.5,35.5
11/12/2014,35.8,35.8,35.8,35.8,35.8
11/13/2014,35.8,35.7,35.8,35.7,35.72
11/14/2014,35.1,35.5,35.5,35.5,35.14
11/15/2014,35.1,35.5,35.5,35.5,35.14
11/16/2014,35.1,35.5,35.5,35.5,35.14
11/17/2014,35.14,35.5,35.5,35.5,35.14
11/18/2014,32.8,32.8,32.8,32.8,32.8
11/19/2014,35.8,35.8,35.8,35.8,35.8
11/20/2014,30,30,30,30,30
11/21/2014,30.8,31,32,31,30.8
11/22/2014,30.8,31,32,31,30.8
11/23/2014,30.8,31,32,31,30.8
11/24/2014,32,32,32,32,32
11/25/2014,33.2,33.1,33.4,33.1,33.2
11/26/2014,34.2,33.4,36,33.4,34.2
11/27/2014,35.6,35.6,35.6,35.6,35.6
11/28/2014,35.4,36.1,36.4,36.1,35.79
11/29/2014,35.4,36.1,36.4,36.1,35.79
11/30/2014,35.4,36.1,36.4,36.1,35.79
12/1/2014,36.2,36.2,36.9,36.2,36.44
12/2/2014,35.8,36.19,36.19,36.19,35.78
12/3/2014,35.9,36.1,36.1,36.1,35.9
12/4/2014,35.7,35.9,35.9,35.9,35.8
12/5/2014,35.3,35.7,35.7,35.7,35.58
12/6/2014,35.3,35.7,35.7,35.7,35.58
12/7/2014,35.3,35.7,35.7,35.7,35.58
12/8/2014,35.4,35.5,35.5,35.5,35.05
12/9/2014,35.2,35.4,35.4,35.4,35.28
12/10/2014,34.8,35.2,35.2,35.2,34.8
12/11/2014,34.6,34.1,34.8,34.1,34.48
12/12/2014,34.3,34.2,34.5,34.2,34.22
12/13/2014,34.3,34.2,34.5,34.2,34.22
12/14/2014,34.3,34.2,34.5,34.2,34.22
12/15/2014,34.3,34.3,34.3,34.3,34.3
12/16/2014,34.3,34.3,34.3,34.3,34.27
12/16/2014,34.3,34.3,34.3,34.3,34.27
12/17/2014,34.4,34.6,34.6,34.6,34.48
12/18/2014,33.9,34.3,34.4,34.3,33.63
12/18/2014,33.9,34.3,34.4,34.3,33.63
12/19/2014,33.8,33.9,33.9,33.9,33.83
12/20/2014,33.8,33.9,33.9,33.9,33.83
12/21/2014,33.8,33.9,33.9,33.9,33.83
12/22/2014,33.3,33.8,33.8,33.8,33.3
12/23/2014,32.9,34,34,34,33.06
12/24/2014,32.5,34.2,34.2,34.2,32.72
12/25/2014,32.2,32.2,32.2,32.2,32.2
12/26/2014,32.1,32.1,32.1,32.1,32.1
12/27/2014,32.1,32.1,32.1,32.1,32.1
12/28/2014,32.1,32.1,32.1,32.1,32.1
12/29/2014,32.65,32.5,33.1,32.5,32.65
12/30/2014,32.65,32.5,33.1,32.5,32.65
12/31/2014,32.65,32.5,33.1,32.5,32.65
1/1/2015,32.65,32.5,33.1,32.5,32.65
1/2/2015,32.65,32.5,33.1,32.5,32.65
1/3/2015,32.65,32.5,33.1,32.5,32.65
1/4/2015,32.65,32.5,33.1,32.5,32.65
1/5/2015,26.6,26.6,26.6,26.6,26.6
1/6/2015,27.9,27.9,27.9,27.9,27.9
1/7/2015,26.7,26.7,26.7,26.7,26.7
1/8/2015,28.2,26.7,33.6,26.7,28.88
1/9/2015,29.8,29.8,29.8,29.8,29.8
1/10/2015,29.8,29.8,29.8,29.8,29.8
1/11/2015,29.8,29.8,29.8,29.8,29.8
1/12/2015,34.4,29.8,30.5,29.8,29.84
1/13/2015,26.3,26.3,26.3,26.3,26.3
1/14/2015,23,23,23,23,23
1/15/2015,21,21,21,21,21
1/16/2015,27.3,27.3,27.3,27.3,27.3
1/17/2015,27.3,27.3,27.3,27.3,27.3
1/18/2015,27.3,27.3,27.3,27.3,27.3
1/19/2015,29.9,27.3,30.1,27.3,27.88
1/20/2015,31.8,30.1,35,30.1,30.88
1/21/2015,35.11,35.11,35.11,35.11,35.11
1/22/2015,35.3,35.11,35.3,35.11,34.99
1/23/2015,32.7,35.11,34.7,35.11,33.75
1/24/2015,32.7,35.11,34.7,35.11,33.75
1/25/2015,32.7,35.11,34.7,35.11,33.75
1/26/2015,33.1,32.7,33.5,32.7,32.62
1/27/2015,33,33,33,33,33
1/28/2015,32.3,32.3,32.3,32.3,32.3
1/29/2015,30,30.74,35,30.74,33.26
1/30/2015,31.9,33.26,35,33.26,31.9
1/31/2015,31.9,33.26,35,33.26,31.9
2/1/2015,31.9,33.26,35,33.26,31.9
2/2/2015,35.1,31.9,35.7,31.9,34.09
2/3/2015,35.1,35.5,35.7,35.5,34.09
2/4/2015,35,35,35,35,35
2/5/2015,34,34,34,34,34
2/6/2015,33.8,34,34,34,33.6
2/7/2015,33.8,34,34,34,33.6
2/8/2015,33.8,34,34,34,33.6
2/9/2015,32.9,33.9,33.9,33.9,33.8
2/10/2015,32.6,31.2,32.7,31.2,32.7
2/11/2015,33.7,33.9,33.9,33.9,33.83
2/12/2015,33.7,33.8,33.8,33.8,33.71
2/12/2015,33.7,33.8,33.8,33.8,33.71
2/13/2015,33.7,33.8,33.8,33.8,33.71
2/14/2015,33.7,33.8,33.8,33.8,33.71
2/15/2015,33.7,33.8,33.8,33.8,33.71
2/16/2015,32.1,32.5,32.5,32.5,32.27
2/17/2015,32.1,33,33,33,32.1
2/18/2015,32.1,33,33,33,32.1
2/19/2015,32.1,33,33,33,32.1
2/20/2015,32.1,33,33,33,32.1
2/21/2015,32.1,33,33,33,32.1
2/21/2015,32.1,33,33,33,32.1
2/22/2015,32.1,33,33,33,32.1
2/23/2015,32.1,33,33,33,32.1
2/24/2015,32.1,33,33,33,32.1
2/25/2015,33,33.5,33.6,33.5,33
2/26/2015,32,33.3,33.5,33.3,32
2/27/2015,32.2,32.4,32.4,32.4,32.2
2/28/2015,32.2,32.4,32.4,32.4,32.2
3/1/2015,32.2,32.4,32.4,32.4,32.2
3/2/2015,31.8,31,32,31,31.95
3/3/2015,31,31,31.8,31,31.45
3/4/2015,31,32.4,32.4,32.4,31.16
3/5/2015,31.1,32.4,32.4,32.4,31.92
3/6/2015,29.6,32.4,32.4,32.4,30.82
3/7/2015,29.6,32.4,32.4,32.4,30.82
3/8/2015,29.6,32.4,32.4,32.4,30.82
3/9/2015,30.2,32.5,32.5,32.5,30.61
3/10/2015,30.2,30.9,31,30.9,30.67
3/11/2015,29.5,30.2,30.2,30.2,30.2
3/12/2015,30,30.1,30.1,30.1,30.02
3/13/2015,28.5,28.5,28.5,28.5,28.5
3/14/2015,28.5,28.5,28.5,28.5,28.5
3/15/2015,28.5,28.5,28.5,28.5,28.5
3/16/2015,28.5,28.5,28.5,28.5,28.5
3/17/2015,25.4,28.5,28.5,28.5,26.52
3/18/2015,25.4,25.4,25.4,25.4,25.4
3/19/2015,25.4,25.9,25.9,25.9,25.9
3/20/2015,25.5,25.9,25.9,25.9,25.65
3/21/2015,25.5,25.9,25.9,25.9,25.65
3/22/2015,25.5,25.9,25.9,25.9,25.65
3/23/2015,25.2,25.5,25.9,25.5,24.8
3/24/2015,25.15,25.3,25.4,25.3,25.2
3/25/2015,25.1,25.1,25.1,25.1,25.1
3/26/2015,25.1,25.1,25.1,25.1,25.1
3/27/2015,26.1,26,26.1,26,26.04
3/28/2015,24.78,26,25.85,26,23.35
3/29/2015,24.78,26,25.85,26,23.35
3/30/2015,27.3,26.5,27.4,26.5,26.39
3/31/2015,28,27.5,28,27.5,27.75
4/1/2015,29,28.2,29,28.2,28.61
4/2/2015,29,29.1,29.5,29.1,29.08
4/3/2015,29,29,29,29,29
4/4/2015,29,29,29,29,29
4/5/2015,29,29,29,29,29
4/6/2015,29,29,29,29,29
4/7/2015,29,29,29,29,29
4/8/2015,28,28,29.6,28,28.7
4/9/2015,28,28,28,28,28
4/10/2015,27.5,29,29.5,29,29.02
4/11/2015,27.5,29,29.5,29,29.02
4/12/2015,27.5,29,29.5,29,29.02
4/13/2015,26.9,28.9,28.9,28.9,26.9
4/14/2015,27,28,28,28,27
4/15/2015,27,27.9,27.9,27.9,27
4/16/2015,27,27.2,27.3,27.2,27
4/17/2015,27,27,27,27,27
4/18/2015,27,27,27,27,27
4/19/2015,27,27,27,27,27
4/20/2015,26.3,29,29,29,26.91
4/21/2015,25,30,30,30,27.62
4/22/2015,27,26.9,27,26.9,26.99
4/23/2015,27,27,27,27,27
4/24/2015,27,27,27,27,27
4/25/2015,27,27,27,27,27
4/26/2015,27,27,27,27,27
4/27/2015,27,27,27,27,27
4/28/2015,24.5,27.2,27.2,27.2,24.75
4/29/2015,23.56,26.8,26.8,26.8,26.7
4/30/2015,26.6,26.6,26.6,26.6,26.6
5/1/2015,23.56,26.8,26.8,26.8,26.7
5/2/2015,23.56,26.8,26.8,26.8,26.7
5/3/2015,23.56,26.8,26.8,26.8,26.7
5/4/2015,28.9,28.9,28.9,28.9,28.9
5/5/2015,28.9,28.9,28.9,28.9,28.9
5/6/2015,28.9,28.9,28.9,28.9,28.9
5/7/2015,26.4,25,26.8,25,25.44
5/8/2015,23.94,23.94,23.94,23.94,23.94
5/9/2015,23.94,23.94,23.94,23.94,23.94
5/10/2015,23.94,23.94,23.94,23.94,23.94
5/11/2015,24.1,24.8,24.8,24.8,24.09
5/12/2015,23.8,24.4,24.4,24.4,23.65
5/13/2015,23.8,23.8,23.8,23.8,23.8
5/14/2015,22.5,22.8,23.3,22.8,22.53
5/15/2015,24,24,24,24,24
5/16/2015,24,24,24,24,24
5/17/2015,24,24,24,24,24
5/18/2015,24.9,23,24.9,23,24.76
5/19/2015,23.9,24.5,24.5,24.5,23.95
5/20/2015,23.5,24.9,24.9,24.9,23.78
5/21/2015,23.5,23.5,23.5,23.5,23.5
5/22/2015,23.5,23.5,23.5,23.5,23.5
5/23/2015,23.5,23.5,23.5,23.5,23.5
5/24/2015,23.5,23.5,23.5,23.5,23.5
5/25/2015,23.5,23.5,23.5,23.5,23.5
5/26/2015,23.5,23.5,23.5,23.5,23.5
5/27/2015,23.5,23.5,23.5,23.5,23.5
5/28/2015,23.5,23.5,23.5,23.5,23.5
5/29/2015,23.5,23.5,23.5,23.5,23.5
5/30/2015,23.5,23.5,23.5,23.5,23.5
5/31/2015,23.5,23.5,23.5,23.5,23.5
6/1/2015,18.1,18,19.8,18,18.13
6/2/2015,19.6,19.6,19.6,19.6,19.6
6/3/2015,19.6,19.6,19.6,19.6,19.6
6/4/2015,23.3,23.3,23.3,23.3,23.3
6/5/2015,21.6,22,22,22,21.6
6/6/2015,21.6,22,22,22,21.6
6/7/2015,21.6,22,22,22,21.6
6/8/2015,21.6,22,22,22,21.6
6/9/2015,19,21.5,21.5,21.5,20.9
6/10/2015,17.9,17.9,17.9,17.9,17.9
6/11/2015,12.5,12.5,12.5,12.5,12.5
6/12/2015,12.5,12.5,16.3,12.5,12.5
6/13/2015,12.5,12.5,16.3,12.5,12.5
6/14/2015,12.5,12.5,16.3,12.5,12.5
6/15/2015,20,19.9,20,19.9,19.99
6/16/2015,19.9,21.8,21.8,21.8,19.99
6/17/2015,21.8,21.8,21.8,21.8,21.8
6/18/2015,19.6,23.8,23.8,23.8,21.66
6/19/2015,19.9,23,23,23,20.31
6/20/2015,19.9,23,23,23,20.31
6/21/2015,19.9,23,23,23,20.31
6/22/2015,19.9,23,23,23,20.31
6/23/2015,18,18,18,18,18
6/24/2015,16.2,18,18,18,16.2
6/25/2015,17.8,17.8,17.8,17.8,14.6
6/26/2015,17.26,17.26,17.26,17.26,17.26
6/27/2015,17.26,17.26,17.26,17.26,17.26
6/28/2015,17.26,17.26,17.26,17.26,17.26
6/29/2015,15.5,15.5,15.5,15.5,15.5
6/30/2015,15.5,15.5,15.5,15.5,15.5
7/1/2015,16,16,16,16,16
7/2/2015,16,16,16,16,16
7/3/2015,16,16,16,16,16
7/4/2015,16,16,16,16,16
7/5/2015,16,16,16,16,16
7/6/2015,16,16,16,16,16
7/7/2015,16,16,16,16,16
7/8/2015,16,16,16,16,16
7/9/2015,14.4,14.4,14.4,14.4,14.4
7/10/2015,14.4,14.4,14.4,14.4,14.4
7/11/2015,14.4,14.4,14.4,14.4,14.4
7/12/2015,14.4,14.4,14.4,14.4,14.4
7/13/2015,14.4,14.4,14.4,14.4,14.4
7/14/2015,14.4,14.4,14.4,14.4,14.4
7/15/2015,13,13,13,13,13
7/16/2015,13,13,13,13,13
7/17/2015,16.75,16.75,16.75,16.75,16.75
7/18/2015,16.75,16.75,16.75,16.75,16.75
7/19/2015,16.75,16.75,16.75,16.75,16.75
7/20/2015,13,13,13,13,13
7/21/2015,13,13,13,13,13
7/22/2015,11.7,11.7,11.7,11.7,11.7
7/23/2015,11.7,11.7,11.7,11.7,11.7
7/24/2015,11.7,11.7,11.7,11.7,11.7
7/27/2015,11.7,11.7,11.7,11.7,11.7
7/28/2015,11.7,11.7,11.7,11.7,11.7
7/29/2015,10.5,10.5,10.5,10.5,10.5
7/30/2015,10.5,10.5,10.5,10.5,10.5
7/31/2015,9.5,9.5,9.5,9.5,9.5
8/3/2015,10,10,10,10,10
8/4/2015,10.5,10.5,10.5,10.5,10.5
8/5/2015,10.5,10.5,10.5,10.5,10.5
8/6/2015,12.7,12.7,12.7,12.7,12.7
8/7/2015,13.6,13.6,13.6,13.6,13.6
8/10/2015,14.9,14.9,14.9,14.9,14.9
8/11/2015,14.9,14.9,14.9,14.9,14.9
8/12/2015,14.9,14.9,14.9,14.9,14.9
8/13/2015,14.9,14.9,14.9,14.9,14.9
8/14/2015,14.9,14.9,14.9,14.9,14.9
8/17/2015,14.9,14.9,14.9,14.9,14.9
8/18/2015,14.9,14.9,14.9,14.9,14.9
8/19/2015,14.9,14.9,14.9,14.9,14.9
8/20/2015,14.9,14.9,14.9,14.9,14.9
8/21/2015,13.4,13.4,13.4,13.4,13.4
8/24/2015,13.4,13.4,13.4,13.4,13.4
8/25/2015,13.4,13.4,13.4,13.4,13.4
8/26/2015,13.4,13.4,13.4,13.4,13.4
8/27/2015,13.4,13.4,13.4,13.4,13.4
8/28/2015,13.4,13.4,13.4,13.4,13.4
8/31/2015,13.4,13.4,13.4,13.4,13.4
9/1/2015,13.4,13.4,13.4,13.4,13.4
9/2/2015,13.4,13.4,13.4,13.4,13.4
9/7/2015,13.4,13.4,13.4,13.4,13.4
9/8/2015,13.4,13.4,13.4,13.4,13.4
9/9/2015,13.4,13.4,13.4,13.4,13.4
9/10/2015,13.4,13.4,13.4,13.4,13.4
9/11/2015,13.4,13.4,13.4,13.4,13.4
9/14/2015,12.1,12.1,12.1,12.1,12.1
9/15/2015,12.1,12.1,12.1,12.1,12.1
9/16/2015,12.1,12.1,12.1,12.1,12.1
9/17/2015,13,13,13,13,13
9/18/2015,13,13,13,13,13
9/21/2015,13,13,13,13,13
9/22/2015,13,13,13,13,13
9/23/2015,13,13,13,13,13
9/24/2015,12.36,12.36,12.36,12.36,12.36
9/25/2015,12.36,12.36,12.36,12.36,12.36
9/28/2015,12.36,12.36,12.36,12.36,12.36
9/29/2015,12.36,12.36,12.36,12.36,12.36
9/30/2015,12.36,12.36,12.36,12.36,12.36
10/8/2015,12.36,12.36,12.36,12.36,12.36
10/9/2015,13,13,13,13,13
10/12/2015,13,13,13,13,13
10/13/2015,13,13,13,13,13
10/14/2015,13,13,13,13,13
10/15/2015,13,13,13,13,13
10/16/2015,13,13,13,13,13
10/19/2015,13,13,13,13,13
10/20/2015,12.5,12.5,12.5,12.5,12.5
10/21/2015,12.5,14.9,12.5,14.9,12.5
10/22/2015,12.5,14.9,12.5,14.9,12.5
10/23/2015,12.5,12.5,12.5,12.5,12.5
10/26/2015,12.5,12.5,12.5,12.5,12.5
10/27/2015,12.5,12.5,12.5,12.5,12.5
10/28/2015,12.5,12.5,12.5,12.5,12.5
10/29/2015,12.5,12.5,12.5,12.5,12.5
10/30/2015,12.5,12.5,12.5,12.5,12.5
11/2/2015,12.5,12.5,12.5,12.5,12.5
11/3/2015,12.5,12.5,12.5,12.5,12.5
11/4/2015,12.5,12.5,12.5,12.5,12.5
11/5/2015,12.5,12.5,12.5,12.5,12.5
11/6/2015,12.5,12.5,12.5,12.5,12.5
11/9/2015,12.5,12.5,12.5,12.5,12.5
11/10/2015,12.5,12.5,12.5,12.5,12.5
11/11/2015,12.5,12.5,12.5,12.5,12.5
11/12/2015,12.5,12.5,12.5,12.5,12.5
11/13/2015,12.5,12.5,12.5,12.5,12.5
11/16/2015,12.5,12.5,12.5,12.5,12.5
11/17/2015,12.5,12.5,12.5,12.5,12.5
11/18/2015,12.5,12.5,12.5,12.5,12.5
11/19/2015,12.5,12.5,12.5,12.5,12.5
11/20/2015,12.5,12.5,12.5,12.5,12.5
11/23/2015,12.5,12.5,12.5,12.5,12.5
11/24/2015,12.5,12.5,12.5,12.5,12.5
11/25/2015,12.5,12.5,12.5,12.5,12.5
11/26/2015,12.5,12.5,12.5,12.5,12.5
11/27/2015,30.3,30.3,30.3,30.3,30.3
11/30/2015,18.3,18.3,18.3,18.3,18.3
12/1/2015,16.5,16.5,16.5,16.5,16.5
12/2/2015,14.6,14.6,14.6,14.6,14.6
12/3/2015,13.4,13.4,13.4,13.4,13.4
12/4/2015,12.1,12.1,12.1,12.1,12.1
12/7/2015,10.9,10.9,10.9,10.9,10.9
12/8/2015,12,12,12,12,12
12/9/2015,10.82,10.82,10.82,10.82,10.82
12/10/2015,11.8,11.8,11.8,11.8,11.8
12/11/2015,11.8,11.8,11.8,11.8,11.8
12/14/2015,11.8,11.8,11.8,11.8,11.8
12/15/2015,11.8,11.8,11.8,11.8,11.8
12/16/2015,10.6,10.6,10.6,10.6,10.6
12/17/2015,10.6,10.6,10.6,10.6,10.6
12/18/2015,10,10,10,10,10
12/21/2015,10.5,10.5,10.5,10.5,10.5
12/22/2015,10.7,10.7,10.7,10.7,10.7
12/23/2015,10.9,10.9,10.9,10.9,10.9
12/24/2015,10.9,10.9,10.9,10.9,10.9
12/25/2015,10,10,10,10,10
12/28/2015,10,10,10,10,10
12/29/2015,11.8,11.8,11.8,11.8,11.8
12/30/2015,11.8,11.8,11.8,11.8,11.8
12/31/2015,11.8,11.8,11.8,11.8,11.8
1/4/2016,10.6,10.6,10.6,10.6,10.6
1/5/2016,10.9,10.9,10.9,10.9,10.9
1/6/2016,10.5,10.5,10.5,10.5,10.5
1/7/2016,10.5,10.5,10.5,10.5,10.5
1/8/2016,10.5,10.5,10.5,10.5,10.5
1/11/2016,10.5,10.5,10.5,10.5,10.5
1/12/2016,11.3,11.3,11.3,11.3,11.3
1/13/2016,11.3,11.3,11.3,11.3,11.3
1/14/2016,11.3,11.3,11.3,11.3,11.3
1/15/2016,10.2,10.2,10.2,10.2,10.2
1/18/2016,10.2,10.2,10.2,10.2,10.2
1/19/2016,10.2,10.2,10.2,10.2,10.2
1/20/2016,10.2,10.2,10.2,10.2,10.2
1/21/2016,10.2,10.2,10.2,10.2,10.2
1/22/2016,9.3,9.3,9.3,9.3,9.3
1/25/2016,9,9,9,9,9
1/26/2016,9.2,9.2,9.2,9.2,9.2
1/27/2016,9.2,9.2,9.2,9.2,9.2
1/28/2016,9.2,9.2,9.2,9.2,9.2
1/29/2016,9.2,9.2,9.2,9.2,9.2
2/1/2016,9.2,9.2,9.2,9.2,9.2
2/2/2016,10,10,10,10,10
2/3/2016,11,11,11,11,11
2/4/2016,11,11,11,11,11
2/5/2016,11,11,11,11,11
2/15/2016,11,11,11,11,11
2/16/2016,11,11,11,11,11
2/17/2016,11,11,11,11,11
2/18/2016,11,11,11,11,11
2/19/2016,11,11,11,11,11
2/22/2016,11,11,11,11,11
2/23/2016,11,11,11,11,11
2/24/2016,9.9,9.9,9.9,9.9,9.9
2/25/2016,9.69,9.69,9.69,9.69,9.69
2/26/2016,9.4,9.4,9.4,9.4,9.4
2/29/2016,9.8,9.8,9.8,9.8,9.8
3/1/2016,9.8,9.8,9.8,9.8,9.8
3/2/2016,9.1,9,9,8.9,9.04
3/3/2016,9.1,9,9,8.9,9.04
3/4/2016,9,9,9,9,9
3/7/2016,8.5,8.8,9,8.5,8.53
3/8/2016,8.5,8.6,8.6,8.5,8.5
3/9/2016,8.5,8.5,8.5,8.5,8.5
3/10/2016,8.5,8.5,8.5,8.5,8.5
3/11/2016,8.3,8.3,8.4,7.7,8.29
3/14/2016,8.3,8.3,8.3,8.3,8.3
3/15/2016,8.3,8.4,8.8,7.7,8.3
3/16/2016,8.3,8.3,8.3,8.3,8.3
3/17/2016,9.1,9.1,9.1,9.1,9.1
3/18/2016,9.8,9.8,9.8,9.8,9.8
3/21/2016,9.8,9.8,9.8,9.8,9.8
3/22/2016,9.8,9.8,9.8,9.8,9.8
3/23/2016,9.8,9.8,9.8,9.8,9.8
3/24/2016,9.8,9.8,9.8,9.8,9.8
3/25/2016,9.8,9.8,9.8,9.8,9.8
3/28/2016,8.8,8.8,8.8,8.8,8.8
3/29/2016,7.9,7.9,7.9,7.9,7.9
3/30/2016,7.1,7.1,7.1,7.1,7.1
3/31/2016,6.7,6.7,6.7,6.7,6.7
4/1/2016,6,6,6,6,6
4/5/2016,5.4,5.4,5.4,5.4,5.4
4/6/2016,5.1,5.1,5.1,5.1,5.1
4/7/2016,4.97,4.97,4.97,4.97,4.97
4/8/2016,5,5,5,5,5
4/11/2016,5,5.1,5.5,4.9,5.15
4/12/2016,4.7,4.8,4.9,4.7,4.71
4/13/2016,4.2,4.2,4.6,4.2,4.2
4/14/2016,4.5,4.5,4.5,4.5,4.5
4/15/2016,4.5,4.5,4.5,4.5,4.5
4/18/2016,4.3,4.3,4.5,4.1,4.29
4/19/2016,4.3,4.5,4.7,4.3,4.54
4/20/2016,4.7,4.3,4.7,4.3,4.7
4/21/2016,4.2,4.3,5.1,4.2,4.41
4/22/2016,4.6,4.5,4.6,4.5,4.54
4/25/2016,4.6,4.6,4.6,4.6,4.6
4/26/2016,5,5,5,5,5
4/27/2016,5.4,5.4,5.4,5.4,5.4
4/28/2016,5.4,5.4,5.9,5.4,5.4
4/29/2016,4.9,5.2,5.7,4.9,4.94
5/3/2016,4.4,4.8,4.9,4.4,4.5
5/4/2016,4.5,4.6,4.7,4.4,4.62
5/5/2016,4.5,4.5,4.5,4.5,4.5
5/6/2016,5,5,5,5,5
5/9/2016,4.75,4.75,4.75,4.75,4.75
5/10/2016,4.8,5.1,5.1,4.7,4.75
5/11/2016,4.3,5,5,4.3,4.33
5/12/2016,4.3,4.5,5,4.2,4.3
5/13/2016,4.3,4.7,4.7,4,4.33
5/16/2016,4.6,4.1,4.7,4.1,4.21
5/17/2016,4.8,4.8,4.8,4.2,4.46
5/18/2016,4.5,4.3,4.8,4.3,4.32
5/19/2016,5,4.1,5,4.1,4.21
5/20/2016,5,5,5,4.1,5
5/23/2016,5,4.7,5,4.7,4.71
5/24/2016,5.2,4.9,5.2,4.6,4.71
5/25/2016,4.7,4.7,4.9,4.7,4.74
5/26/2016,5,5,5,5,5
5/27/2016,5,5,5,5,5
5/30/2016,5.2,5,5.3,5,5.17
5/31/2016,5.5,5.4,5.5,5.4,5.5
6/1/2016,5.3,5.5,5.5,5.2,5.37
6/2/2016,5.8,5,5.8,5,5.07
6/3/2016,5.3,5.2,5.3,5.2,5.27
6/6/2016,5.4,5.5,5.5,5.3,5.33
6/7/2016,5.5,5.5,5.5,5.3,5.11
6/8/2016,5.6,5.4,6.1,5.4,5.58
6/12/2016,5.6,5.4,6.1,5.4,5.58
6/13/2016,5.7,5.5,6.2,5.5,5.56
6/14/2016,6.1,5.8,6.3,5.8,5.87
6/15/2016,6.6,6.5,6.6,6.2,6.51
6/16/2016,7.3,6.6,7.3,6.6,6.85
6/17/2016,7.3,7.3,8,6.6,6.96
6/18/2016,7.3,7.3,8,6.6,6.96
6/19/2016,7.3,7.3,8,6.6,6.96
6/20/2016,7.5,7.3,7.6,7.3,7.14
6/21/2016,7.5,7.5,7.6,7.3,7.6
6/22/2016,8.4,8,8.4,7.6,7.77
6/23/2016,9.2,8.5,9.2,8.5,8.85
6/24/2016,9.3,9.3,10.1,9.3,9.52
6/27/2016,9.2,9.3,9.3,8.9,9.08
6/28/2016,8.9,8.7,9,8.3,8.65
6/29/2016,9.8,9,9.8,8.6,8.79
6/30/2016,9.8,9,9.8,8.6,8.79
7/1/2016,9.8,9,9.8,8.6,8.79
7/4/2016,9.8,9.8,9.8,9.8,9.8
7/5/2016,9.8,9.8,9.8,9.8,9.8
7/6/2016,9.8,9.8,9.8,9.8,9.8
7/7/2016,9.8,9.8,9.8,9.8,9.8
7/8/2016,9.8,9.8,9.8,9.8,9.8
7/11/2016,9.8,9.8,9.8,9.8,9.8
7/12/2016,9.8,9.8,9.8,9.8,9.8
7/13/2016,9.8,9.8,9.8,9.8,9.8
7/14/2016,9.8,9.8,9.8,9.8,9.8
7/15/2016,9.8,9.8,9.8,9.8,9.8
7/18/2016,9.8,9.8,9.8,9.8,9.8
7/19/2016,9.8,9.8,9.8,9.8,9.8
7/20/2016,9.8,9.8,9.8,9.8,9.8
7/21/2016,9.8,9.8,9.8,9.8,9.8
7/22/2016,9.8,9.8,9.8,9.8,9.8
7/25/2016,9.8,9.8,9.8,9.8,9.8
7/26/2016,9.8,9.8,9.8,9.8,9.8
7/27/2016,9.8,9.8,9.8,9.8,9.8
7/28/2016,9.8,9.8,9.8,9.8,9.8
7/29/2016,9.8,9.8,9.8,9.8,9.8
8/1/2016,9.8,9.8,9.8,9.8,9.8
8/2/2016,9.8,9.8,9.8,9.8,9.8
8/3/2016,9.8,9.8,9.8,9.8,9.8
8/4/2016,9.8,9.8,9.8,9.8,9.8
8/5/2016,9.8,9.8,9.8,9.8,9.8
8/8/2016,9.8,9.8,9.8,9.8,9.8
8/9/2016,9.8,9.8,9.8,9.8,9.8
8/10/2016,9.8,9.8,9.8,9.8,9.8
8/11/2016,9.8,9.8,9.8,9.8,9.8
8/12/2016,9.8,9.8,9.8,9.8,9.8
8/15/2016,9.8,9.8,9.8,9.8,9.8
8/16/2016,9.8,9.8,9.8,9.8,9.8
8/17/2016,9.8,9.8,9.8,9.8,9.8
8/18/2016,9.8,9.8,9.8,9.8,9.8
8/19/2016,9.8,9.8,9.8,9.8,9.8
8/22/2016,9.8,9.8,9.8,9.8,9.8
8/23/2016,9.8,9.8,9.8,9.8,9.8
8/24/2016,9.8,9.8,9.8,9.8,9.8
8/25/2016,9.8,9.8,9.8,9.8,9.8
8/26/2016,9.8,9.8,9.8,9.8,9.8
8/29/2016,9.8,9.8,9.8,9.8,9.8
8/30/2016,9.8,9.8,9.8,9.8,9.8
8/31/2016,9.8,9.8,9.8,9.8,9.8
9/1/2016,9.8,9.8,9.8,9.8,9.8
9/2/2016,9.8,9.8,9.8,9.8,9.8
9/5/2016,9.8,9.8,9.8,9.8,9.8
9/6/2016,9.8,9.8,9.8,9.8,9.8
9/7/2016,9.8,9.8,9.8,9.8,9.8
9/8/2016,9.8,9.8,9.8,9.8,9.8
9/9/2016,9.8,9.8,9.8,9.8,9.8
9/12/2016,9.8,9.8,9.8,9.8,9.8
9/13/2016,9.8,9.8,9.8,9.8,9.8
9/14/2016,9.8,9.8,9.8,9.8,9.8
9/19/2016,9.8,9.8,9.8,9.8,9.8
9/20/2016,9.8,9.8,9.8,9.8,9.8
9/21/2016,9.8,9.8,9.8,9.8,9.8
9/22/2016,9.8,9.8,9.8,9.8,9.8
9/23/2016,9.8,9.8,9.8,9.8,9.8
9/26/2016,9.8,9.8,9.8,9.8,9.8
9/27/2016,9.8,9.8,9.8,9.8,9.8
9/28/2016,9.8,9.8,9.8,9.8,9.8
9/29/2016,9.8,9.8,9.8,9.8,9.8
9/30/2016,9.8,9.8,9.8,9.8,9.8
10/10/2016,9.8,9.8,9.8,9.8,9.8
10/11/2016,9.8,9.8,9.8,9.8,9.8
10/12/2016,9.8,9.8,9.8,9.8,9.8
10/13/2016,9.8,9.8,9.8,9.8,9.8
10/14/2016,9.8,9.8,9.8,9.8,9.8
10/17/2016,9.8,9.8,9.8,9.8,9.8
10/18/2016,9.8,9.8,9.8,9.8,9.8
10/19/2016,9.8,9.8,9.8,9.8,9.8
10/20/2016,9.8,9.8,9.8,9.8,9.8
10/21/2016,9.8,9.8,9.8,9.8,9.8
10/24/2016,9.8,9.8,9.8,9.8,9.8
10/25/2016,9.8,9.8,9.8,9.8,9.8
10/26/2016,9.8,9.8,9.8,9.8,9.8
10/27/2016,9.8,9.8,9.8,9.8,9.8
10/28/2016,9.8,9.8,9.8,9.8,9.8
10/31/2016,9.8,9.8,9.8,9.8,9.8
11/1/2016,9.8,9.8,9.8,9.8,9.8
11/2/2016,9.8,9.8,9.8,9.8,9.8
11/3/2016,9.8,9.8,9.8,9.8,9.8
11/4/2016,9.8,9.8,9.8,9.8,9.8
11/7/2016,9.8,9.8,9.8,9.8,9.8
11/8/2016,9.8,9.8,9.8,9.8,9.8
11/9/2016,9.8,9.8,9.8,9.8,9.8
11/10/2016,9.8,9.8,9.8,9.8,9.8
11/11/2016,9.8,9.8,9.8,9.8,9.8
11/14/2016,9.8,9.8,9.8,9.8,9.8
11/15/2016,9.8,9.8,9.8,9.8,9.8
11/16/2016,9.8,9.8,9.8,9.8,9.8
11/17/2016,9.8,9.8,9.8,9.8,9.8
11/18/2016,16.97,10.7,10.78,10.7,10.72
11/21/2016,11.8,11.8,11.8,11.8,11.8
11/22/2016,12.94,12.9,12.98,12.9,12.94
11/23/2016,14.23,14.23,14.23,14.23,14.23
11/24/2016,14.23,14.23,14.23,14.23,14.23
11/25/2016,15.56,15.56,15.56,15.56,15.56
11/28/2016,17.22,17.22,17.22,17.22,17.22
11/29/2016,18.94,18.9,18.94,15.5,17.05
11/30/2016,20.6,20.8,20.8,19.2,20.6
12/1/2016,19.91,19,21.5,19,19.02
12/2/2016,20,20,20,20,20
12/5/2016,19.98,22,22,19.31,19.41
12/6/2016,20.66,19.8,21.98,19.8,21.87
12/7/2016,20.01,19.8,21.5,19.8,19.41
12/8/2016,20.5,19.6,21.6,19.6,20.05
12/9/2016,20.12,20.01,20.02,20.01,20.14
12/12/2016,20.57,19.6,21.4,19.6,20.56
12/13/2016,20.52,20.05,21,20.05,20.52
12/14/2016,20.52,20.52,20.52,20.52,20.52
12/15/2016,20.52,20.52,20.52,20.52,20.52
12/16/2016,21.2,20.8,22.57,20.8,21.37
12/19/2016,21.5,21.5,23.3,21.5,21.9
12/20/2016,21.6,19.8,21.59,19.8,21.6
12/21/2016,21.93,20,22,20,21.95
12/22/2016,24.09,24,24.12,24,24.02
12/23/2016,26.32,26.5,26.5,26.31,26.38
12/26/2016,26.9,23.8,27,23.8,26.46
12/27/2016,26.86,27.2,27.2,26.5,26.86
12/28/2016,26.93,27.15,27.15,26.5,26.55
12/29/2016,26.61,26.6,27.9,26.6,26.61
12/30/2016,27.21,27.1,27.21,27.1,27.21
1/3/2017,27.21,27.1,27.21,27.1,28.7
1/4/2017,31.05,31,31.05,31,31.05
1/5/2017,34.16,34,34.16,33,34.15
1/6/2017,33.86,34,34.9,33.6,34.41
1/9/2017,32.94,31.12,33,31,32.64
1/10/2017,32.66,32.9,32.9,32.6,32.66
1/11/2017,32.91,30.5,33,30.5,31.26
1/12/2017,33.37,32,33.93,32,33.37
1/13/2017,33.56,33.41,34,33.41,33.53
1/16/2017,33.78,33.6,34,33.6,33.73
1/17/2017,34,34.1,34.1,34,34
1/18/2017,34.1,34,34.2,34,34.1
1/19/2017,34.15,34.5,34.5,34.15,34.15
1/20/2017,34.58,34,34.88,34,34.57
1/23/2017,35.31,35,35,35,35.25
1/24/2017,33.71,32.6,35.5,32.6,33.71
1/25/2017,36.8,33,37,33,34.9
1/26/2017,36.8,36.8,36.8,36.8,36.8
2/3/2017,36.8,36.8,36.8,36.8,36.8
2/6/2017,36.8,36.8,36.8,36.8,36.8
2/7/2017,37.7,37.8,38,37.7,37.91
2/8/2017,37.8,37.8,37.8,37.8,37.8
2/9/2017,37.8,37.8,37.8,37.8,37.8
2/10/2017,35.7,35.7,35.7,35.7,35.7
2/13/2017,38.83,38,39.27,38,38.83
2/14/2017,39.5,37,39.5,37,37.86
2/15/2017,39,39.27,39.27,38.8,39
2/16/2017,38.27,39.4,39.4,38,38.5
2/17/2017,38.13,36,38.3,36,38.08
2/20/2017,38.83,37.6,39.5,37.55,38.88
2/21/2017,38.5,39,39,37.5,38.09
2/22/2017,37.28,37.3,38,37.2,37.28
2/23/2017,37.44,40.5,40.5,36.8,37.45
2/24/2017,37.44,40.5,40.5,36.8,39.05
2/27/2017,38,39,39,37.5,38
2/28/2017,38.38,37,38.8,37,38.28
3/1/2017,38.35,38.3,38.4,38.3,38.35
3/2/2017,38.46,38.4,38.5,37,38.46
3/3/2017,38.32,38.88,38.88,36.88,37.05
3/6/2017,38.87,40,40,36.8,37.64
3/7/2017,38.5,36.8,42,36.8,38.51
3/8/2017,38.35,40,40,37,38.35
3/9/2017,38.06,37,39.8,37,37.94
3/10/2017,38.54,40,40,37.2,38.3
3/13/2017,38.35,37,39.39,37,38.13
3/14/2017,38.65,37,39.8,37,38.58
3/15/2017,38.67,37,38.7,37,38.67
3/16/2017,38.16,36.85,38.6,36.85,37.21
3/17/2017,38.44,37.8,39,37.8,37.99
3/20/2017,38.65,38.69,38.69,38.5,38.65
3/21/2017,38.15,38.5,38.5,37.1,38.15
3/22/2017,38.35,37,38.5,37,38.16
3/23/2017,37,37,37,37,37
3/24/2017,38.06,38,38.5,38,38.06
3/27/2017,38.65,38.7,38.7,38.65,38.68
3/28/2017,38.63,38.87,38.87,38.01,38.68
3/29/2017,38.91,38.7,39.01,38.7,38.84
3/30/2017,38.64,38.5,39,38.5,38.64
3/31/2017,39,38.7,39.4,38.7,39.07
4/5/2017,38.7,38.7,38.7,38.7,38.7
4/6/2017,39.35,39.38,39.38,38,39.35
4/7/2017,39.09,38.5,39.38,38,38.45
4/10/2017,39,39.4,39.4,38,38.86
4/11/2017,38.56,37.5,41,37.5,37.52
4/12/2017,38.6,39.6,39.6,38.3,38.61
4/13/2017,38.6,40,40,38.6,38.64
4/14/2017,38.52,40,40,38.3,38.54
4/17/2017,38.1,38,38.5,38,38.1
4/18/2017,38.55,39.36,39.36,38.1,38.55
4/19/2017,38.85,39,39,38.7,38.85
4/20/2017,38.1,38,38.1,38,38.1
4/21/2017,37.8,37.5,37.9,37.5,37.67
4/24/2017,37.7,37.8,38.4,36.8,37.67
4/25/2017,37.05,37.5,38,37,37.55
4/26/2017,38.2,38.2,38.2,38.2,38.2
4/27/2017,37.9,37,38,35,36.73
4/28/2017,37,37,37,36.2,37
5/2/2017,36.82,37,37,36.5,36.66
5/3/2017,36.7,36.6,36.7,36.5,36.57
5/4/2017,36.7,36.7,36.7,36.7,36.7
5/5/2017,36.7,36.7,36.7,36.7,36.18
5/8/2017,35.54,35.5,36.5,32.81,33.11
5/9/2017,36.63,32.5,38.5,32.5,36.63
5/10/2017,36.11,36.2,36.2,36,36.11
5/11/2017,36.11,36.11,36.11,36.11,36.11
5/12/2017,36.1,36.1,36.1,36.1,36.1
5/15/2017,35.57,38.5,38.5,35,35.57
5/16/2017,35.57,35.57,38.5,35,35.57
5/17/2017,35,35,35,35,35
5/18/2017,35,35,35,35,35
5/19/2017,35,35,35,35,35
5/22/2017,35,37.5,37.5,35,35
5/23/2017,35,35,35,35,35
5/24/2017,35,35,35,35,35
5/25/2017,35.4,35.4,35.4,35.4,35.4
5/26/2017,35.4,35.4,35.4,35.4,35.4
5/31/2017,35.4,35.4,35.4,35.4,35.4
6/1/2017,35.4,35.4,35.4,35.4,35.4
6/2/2017,35.33,37.5,37.5,35.3,35.33
6/5/2017,37.27,37.5,37.5,35.3,37.27
6/6/2017,35.91,36,36,35.89,35.91
6/7/2017,35,35.91,35.91,32.4,35
6/8/2017,33.9,33.02,33.9,32.9,33.9
6/9/2017,33.23,33,33.3,33,33.23
6/12/2017,33.11,33.5,33.5,32.91,33.11
6/13/2017,35.01,33.5,36.42,33.5,35.01
6/14/2017,35.3,35.3,35.3,35.3,35.3
6/15/2017,34,34,35,34,34
6/16/2017,33.17,33,34,33,33.17
6/19/2017,34.05,34.5,34.5,32.6,34.5
6/20/2017,34.6,33.3,35,33.3,34.6
6/21/2017,34.68,34,34.8,34,34.68
6/22/2017,35.5,35.01,36,34.1,35.5
6/23/2017,36.59,34.2,36.45,34.2,36.59
6/26/2017,36.51,34.5,36.65,34.5,36.51
6/27/2017,36.45,36.42,36.45,34.3,36.45
6/28/2017,35.84,34.3,36.45,34.3,35.84
6/29/2017,36.37,35,36.4,35,36.37
6/30/2017,36.37,35,36.4,35,36.37
7/3/2017,36.37,36.37,36.37,36.37,36.37
7/4/2017,36.37,36.37,36.37,36.37,36.37
7/5/2017,36.37,36.37,36.37,36.37,36.37
7/6/2017,36.37,36.37,36.37,36.37,36.37
7/7/2017,36.37,36.37,36.37,36.37,36.37
7/10/2017,36.36,35.5,36.5,35.5,36.36
7/11/2017,36.36,36.36,36.36,36.36,36.36
7/12/2017,36.36,36.36,36.36,36.36,36.36
7/13/2017,36.36,36.36,36.36,36.36,36.36
7/14/2017,36.36,36.36,36.36,36.36,36.36
7/17/2017,36.36,36.36,36.36,36.36,36.36
7/18/2017,36.36,36.36,36.36,36.36,36.36
7/19/2017,35,35,35,35,35
7/20/2017,35,35,35,35,35
7/21/2017,35,35,35,35,35
7/24/2017,31.5,31.5,31.5,31.5,31.5
7/25/2017,31.5,31.5,31.5,31.5,31.5
7/26/2017,31.5,31.5,31.5,31.5,31.5
7/27/2017,31.5,31.5,31.5,31.5,31.5
7/28/2017,31.5,31.5,31.5,31.5,31.5
7/31/2017,31.5,31.5,31.5,31.5,31.5
8/1/2017,31.5,31.5,31.5,31.5,31.5
8/2/2017,31.5,31.5,31.5,31.5,31.5
8/3/2017,31.5,31.5,31.5,31.5,31.5
8/4/2017,30.8,30.8,30.8,30.8,30.8
8/7/2017,30.8,30.8,30.8,30.8,30.8
8/8/2017,30.8,30.8,30.8,30.8,30.8
8/9/2017,30.5,30.5,30.5,30.5,30.5
8/10/2017,30.5,30.5,30.5,30.5,30.5
8/11/2017,30.5,30.5,30.5,30.5,30.5
8/14/2017,30.5,30.5,30.5,30.5,30.5
8/15/2017,27.5,27.5,27.5,27.5,27.5
8/16/2017,24.75,24.75,24.75,24.75,24.75
8/17/2017,26.7,26.7,26.7,26.7,26.7
8/18/2017,26.7,26.7,26.7,26.7,26.7
8/21/2017,25,25,25,25,25
8/22/2017,25.1,25.1,25.1,25.1,25.1
8/23/2017,25.1,25.1,25.1,25.1,25.1
8/24/2017,25.1,25.1,25.1,25.1,25.1
8/25/2017,25.1,25.1,25.1,25.1,25.1
8/28/2017,25.1,25.1,25.1,25.1,25.1
8/29/2017,25.1,25.1,25.1,25.1,25.1
8/30/2017,25.1,25.1,25.1,25.1,25.1
8/31/2017,25.2,25.2,25.2,25.2,25.2
9/1/2017,25.1,25.1,25.1,25.1,25.1
9/4/2017,25.1,25.1,25.1,25.1,25.1
9/5/2017,25.5,25.5,25.5,25.5,25.5
9/6/2017,25.5,25.5,25.5,25.5,25.5
9/7/2017,27,27,27,27,27
9/8/2017,27,27,27,27,27
9/11/2017,27.01,27,27.02,27,27.01
9/12/2017,27,27,27,27,27
9/13/2017,27,27,27,27,27
9/14/2017,27,27,27,27,27
9/15/2017,27,27,27,27,27
9/18/2017,27.2,27.2,27.2,27.2,27.2
9/19/2017,27.2,27.2,27.2,27.2,27.2
9/20/2017,27.2,27.2,27.2,27.2,27.2
9/21/2017,27.2,27.2,27.2,27.2,27.2
9/22/2017,27.2,27.2,27.2,27.2,27.2
9/25/2017,27.5,27.5,27.5,27.5,27.5
9/26/2017,27.5,27.5,27.5,27.5,27.5
9/27/2017,27.5,27.5,27.5,27.5,27.5
9/28/2017,28.84,24.8,30,24.8,28.84
9/29/2017,28.84,24.8,28.84,24.8,24.8
10/9/2017,27.5,27.5,27.5,27.5,27.5
10/10/2017,29,29,29,27.5,29
10/11/2017,28,28,28,28,28
10/12/2017,28,28,28,28,28
10/13/2017,28.24,28,30,28,28.24
10/16/2017,28.24,28,28.24,28,28.24
10/17/2017,28.5,28.5,28.5,28.5,28.5
10/18/2017,30,30,30,30,30
10/19/2017,29,29,29,29,29
10/20/2017,29,29,29,29,29
10/23/2017,29,29,30,29,29
10/24/2017,30,30,30,30,30
10/25/2017,29.98,30,30,29.5,29.98
10/26/2017,28.5,28.5,28.5,28.5,28.5
10/27/2017,28.5,28.5,28.5,28.5,28.5
10/30/2017,29.58,30,30,29.5,29.58
10/31/2017,29.58,29.58,29.58,29.58,29.58
11/1/2017,29.58,29.58,29.58,29.58,29.58
11/2/2017,29.58,29.58,29.58,29.58,29.58
11/3/2017,29.58,29.58,29.58,29.58,29.58
11/6/2017,29.58,29.58,29.58,29.58,29.58
11/7/2017,30,30,30,30,30
11/8/2017,30,30,30,30,30
11/9/2017,31,31,31,31,31
11/10/2017,32,32,32,32,32
11/13/2017,32,32,32,32,32
11/14/2017,32,32,33,32,32
11/15/2017,32,32,32,32,32
11/16/2017,33,32,35,32,33.07
11/17/2017,33.07,33.07,33.07,33.07,33.07
11/20/2017,33.07,33.07,33.07,33.07,33.07
11/21/2017,33.07,33.07,33.07,33.07,33.07
11/22/2017,33.07,33.07,33.07,33.07,33.07
11/23/2017,30,30,30,30,30
11/24/2017,27.1,30,30,27.1,27.1
11/27/2017,27.1,27.1,27.1,27.1,27.1
11/28/2017,29.81,29.81,29.81,29.81,29.81
11/29/2017,32.79,32.79,32.79,32.79,32.79
11/30/2017,32.97,33.5,36,30.15,32.97
12/1/2017,32.97,32.97,32.97,32.97,32.97
12/4/2017,33,32.97,33,33,33
12/5/2017,31.65,30.01,33,30.01,31.65
12/6/2017,30.5,30.5,30.5,30.5,30.5
12/7/2017,30.5,30.5,30.5,30.5,30.5
12/8/2017,27.5,27.5,30,27.5,27.5
12/11/2017,30,30,30,30,30
12/12/2017,33,33,33,31,33
12/13/2017,33,31.01,34,31.01,33
12/14/2017,33,32.5,34.5,32.5,33
12/15/2017,33,33,33,33,33
12/18/2017,34,30.12,35,30.12,34
12/19/2017,34,34,34,34,34
12/20/2017,34,34,34,34,34
12/21/2017,34,34,34,34,34
12/22/2017,35,35,35,35,35
12/25/2017,34,34,34,34,34
12/26/2017,34,34,34,34,34
12/27/2017,34,34,34,34,34
12/28/2017,34,34,34,34,34
12/29/2017,35,33,35,33,35
1/2/2018,35,33,35,33,35
1/3/2018,34.99,31.5,35,31.5,34.99
1/4/2018,35.89,34.9,35.9,34.9,35.89
1/5/2018,32.3,32.3,32.3,32.3,32.3
1/8/2018,32.94,29.1,35.53,29.1,32.94
1/9/2018,29.65,29.65,35.5,29.65,29.65
1/10/2018,27.79,27,31.53,27,27.79
1/11/2018,30.57,30.57,30.57,30.57,30.57
1/12/2018,33,33,33,33,33
1/15/2018,35.92,31.5,36,31.5,35.92
1/16/2018,35.49,32.4,35.92,32.4,35.49
1/17/2018,33.42,33,35.5,33,33.42
1/18/2018,30.5,30.5,30.5,30.5,30.5
1/19/2018,30.5,30.5,30.5,30.5,30.5
1/22/2018,33.55,33.55,33.55,33.55,33.55
1/23/2018,33.07,30.6,36.9,30.6,33.07
1/24/2018,35.3,33.54,35.6,33.54,35.3
1/25/2018,36.09,36.01,36.1,34,36.09
1/26/2018,35.07,34,39,34,36.09
1/29/2018,33.5,33.5,33.5,33.5,33.5
1/30/2018,35.95,31,36,31,35.95
1/31/2018,32.5,32.5,32.5,32.5,32.5
2/1/2018,31,31,31,31,31
2/2/2018,31,31,31,31,31
2/5/2018,31,31,31,31,31
2/6/2018,31,31,31,31,31
2/7/2018,33.64,34,34,33.55,33.64
2/8/2018,33.64,33.64,33.64,33.64,33.64
2/9/2018,33.6,33.5,34.6,33.5,33.6
2/12/2018,33.6,33.6,33.6,33.6,33.6
2/13/2018,33.6,33.6,33.6,33.6,33.6
2/14/2018,33.6,33.6,33.6,33.6,33.6
2/22/2018,33.6,33.6,33.6,33.6,33.6
2/23/2018,33.6,33.6,33.6,33.6,33.6
2/26/2018,33.6,33.6,33.6,33.6,33.6
2/27/2018,33.6,33.6,33.6,33.6,33.6
2/28/2018,34.82,34.9,34.9,34.81,34.82
3/1/2018,35.2,35.2,35.2,35.2,35.2
3/2/2018,35.2,35.2,35.2,35.2,35.2
3/5/2018,35.2,35.2,35.2,35.2,35.2
3/6/2018,36.5,35,36.5,35,36.5
3/7/2018,36.5,36.5,36.5,36.5,36.5
3/8/2018,33,33,33,33,33
3/9/2018,34,35.5,35.5,34,34
3/12/2018,37,37,37,37,37
3/13/2018,37,37,37,37,37
3/14/2018,37,37,37,37,37
3/15/2018,33.5,33.5,33.5,33.5,33.5
3/16/2018,35.5,35.5,35.5,35.5,35.5
3/19/2018,38,38,38,38,38
3/20/2018,38,38,38,38,38
3/21/2018,38,38,38,38,38
3/22/2018,36.1,38,38,36,36.1
3/23/2018,32.5,32.5,32.5,32.5,32.5
3/26/2018,35.75,35.75,35.75,35.75,35.75
3/27/2018,39,39,39,39,39
3/28/2018,39,39,39,39,39
3/29/2018,38.62,38.5,39.2,38.5,38.62
3/30/2018,38.62,38.62,38.62,38.62,38.62
4/2/2018,39.5,39.5,39.5,39.5,39.5
4/3/2018,39.5,39.5,39.5,39.5,39.5
4/4/2018,37.1,37.1,37.1,37.1,37.1
4/9/2018,37.1,37.1,37.1,37.1,37.1
4/10/2018,37.1,37.1,37.1,37.1,37.1
4/11/2018,33.4,36,36,33.39,33.4
4/12/2018,36.74,36.74,36.74,36.74,36.74
4/13/2018,36.74,36.74,36.74,36.74,36.74
4/16/2018,37.91,37.8,38.01,37.8,37.91
4/17/2018,37.01,37.01,37.01,37.01,37.01
4/18/2018,37.3,37.3,37.3,37.3,37.3
4/19/2018,39,39,39,39,39
4/20/2018,39,39,39,39,39
4/23/2018,38.8,38.1,39,38.1,38.8
4/24/2018,38.4,38.4,38.4,38.4,38.4
4/25/2018,38.91,36.3,39,36.3,38.91
4/26/2018,38,36.3,38,36.3,38
4/27/2018,37.7,36.2,38.5,36.2,37.7
5/2/2018,38,36.7,38,36.7,38
5/3/2018,36.1,36.1,36.1,36.1,36.1
5/4/2018,38.49,33,38.6,33,38.49
5/7/2018,38.22,34.7,38.5,34.7,38.22
5/8/2018,38.23,38.3,38.3,38.2,38.23
5/9/2018,38.23,38.23,38.23,38.23,38.23
5/10/2018,38,38,38,38,38
5/11/2018,38,38,38,38,38
5/14/2018,38,38,38,38,38
5/15/2018,38.05,38.05,38.05,38.05,38.05
5/16/2018,38.18,38.1,38.25,38.1,38.18
5/17/2018,38.12,38.5,38.5,38.1,38.21
5/18/2018,38.2,38.2,38.2,38.2,38.2
5/21/2018,38.2,38.2,38.2,38.2,38.2
5/22/2018,38.2,38.2,38.2,38.2,38.2
5/23/2018,38.93,38.25,39,38.2,38.93
5/24/2018,38.39,38.2,38.8,38.2,38.2
5/25/2018,38.39,38.39,38.39,38.39,38.39
5/28/2018,38.39,38.39,38.39,38.39,38.39
5/29/2018,39.39,39.39,39.39,39.39,39.39
5/30/2018,38.39,38.39,38.39,38.39,38.39
5/31/2018,35.5,35.5,35.5,35.5,35.5
6/1/2018,39.01,39,39.05,39,39.01
6/4/2018,38.96,38.8,39,38.8,38.96
6/5/2018,39.18,38.8,39.5,38.4,39.06
6/6/2018,39.1,39.5,39.78,39,39.1
6/7/2018,38.9,38.9,38.9,38.9,38.9
6/8/2018,38.92,38.9,39.3,38.9,38.92
6/11/2018,38.9,38.9,38.9,38.9,38.9
6/12/2018,38.9,38.9,38.9,38.9,38.9
6/13/2018,39.5,39.5,39.5,39.5,39.5
6/14/2018,39.38,38.8,39.7,38.7,39.37
6/15/2018,39.76,39.5,40,39.5,39.76
6/19/2018,40,38.2,40,38.2,39.99
6/20/2018,40,40,40,40,40
6/21/2018,40,40,40,40,40
6/22/2018,39.12,39,40,39,39.12
6/25/2018,39,39,39,39,39
6/26/2018,39.13,39.2,39.2,39.1,39.13
6/27/2018,39.3,39.3,39.3,39.3,39.3
6/28/2018,39.05,39.5,39.5,39,39.07
6/29/2018,39,39,39,39,39
7/2/2018,39.41,39.5,39.5,39.4,39.41
7/3/2018,39.5,39.5,39.5,39.5,39.5
7/4/2018,38.67,38.4,39.5,38.4,38.67
7/5/2018,39.05,39.5,39.5,39,39.05
7/6/2018,38.79,38.7,39.5,38.7,38.79
7/9/2018,39.27,39.3,39.3,39.1,39.27
7/10/2018,38.81,39.3,39.3,38.7,38.81
7/11/2018,39.02,39.3,39.3,38.99,38.01
7/12/2018,39.2,39.2,39.2,39.2,39.2
7/13/2018,39.4,39.2,39.49,38.8,39.4
7/16/2018,38.44,38,39.39,38,38.44
7/17/2018,38.1,38.5,38.5,38,38.13
7/18/2018,39.23,39,39.5,38,39.07
7/19/2018,39.63,39.5,39.9,39.5,39.73
7/20/2018,39.99,39,40,39,39.99
7/23/2018,39.72,40,40,39.1,39.72
7/24/2018,39.93,39.99,39.99,39.7,39.93
7/25/2018,40.07,39,40.5,39,39.73
7/26/2018,40.35,39.8,40.35,39.8,40.29
7/27/2018,42.52,41,43,41,41.71
7/30/2018,42.19,43.5,44,42,42.58
7/31/2018,42.19,42.19,42.19,42.19,42.19
8/1/2018,42.19,42.19,42.19,42.19,42.19
8/2/2018,42.19,42.19,42.19,42.19,42.19
8/3/2018,42.19,42.19,42.19,42.19,42.19
8/6/2018,42.19,42.19,42.19,42.19,42.19
8/7/2018,42.19,42.19,42.19,42.19,42.19
8/8/2018,42.19,42.19,42.19,42.19,42.19
8/9/2018,42.19,42.19,42.19,42.19,42.19
8/10/2018,42.19,42.19,42.19,42.19,42.19
8/13/2018,42.19,42.19,42.19,42.19,42.19
8/14/2018,42.19,42.19,42.19,42.19,42.19
8/15/2018,42.19,42.19,42.19,42.19,42.19
8/16/2018,42.19,42.19,42.19,42.19,42.19
8/17/2018,42.19,42.19,42.19,42.19,42.19
8/20/2018,42.19,42.19,42.19,42.19,42.19
8/21/2018,37.97,37.97,37.97,37.97,37.97
8/22/2018,34.19,36,36,34.17,34.19
8/23/2018,34.19,34.19,34.19,34.19,34.19
8/24/2018,34.19,34.19,34.19,34.19,34.19
8/27/2018,34.19,34.19,34.19,34.19,34.19
8/28/2018,34.19,34.19,34.19,34.19,34.19
8/29/2018,35,35,35,35,35
8/30/2018,31.6,31.6,31.6,31.6,31.6
8/31/2018,29.17,31.6,31.6,29.01,29.17
9/3/2018,29.17,29.17,29.17,29.17,29.17
9/4/2018,29.17,29.17,29.17,29.17,29.17
9/5/2018,32.09,32.09,32.09,32.09,32.09
9/6/2018,32.09,32.09,32.09,32.09,32.09
9/7/2018,32.09,32.09,32.09,32.09,32.09
9/10/2018,33,33,33,33,33
9/11/2018,36.3,36.3,36.3,36.3,36.3
9/12/2018,36.3,36.3,36.3,36.3,36.3
9/13/2018,36.3,36.3,36.3,36.3,36.3
9/14/2018,36.3,36.3,36.3,36.3,36.3
9/17/2018,34.9,32.8,35,32.8,34.9
9/18/2018,33.98,31.5,34,31.5,33.98
9/19/2018,30.6,30.6,30.6,30.6,30.6
9/20/2018,30.21,30.6,30.6,30.2,30.21
9/21/2018,30.89,27.2,31,27.2,30.89
9/25/2018,28.9,28.9,28.9,28.9,28.9
9/26/2018,30,30,30,30,30
9/27/2018,30,30,30,30,30
9/28/2018,30.02,31,31,30,30.02
10/8/2018,30.02,30.02,30.02,30.02,30.02
10/9/2018,29.01,29.01,29.01,29.01,29.01
10/10/2018,29.01,29.01,29.01,29.01,29.01
10/11/2018,29,29,29,29,29
10/12/2018,29.4,29,29.4,29,29.4
10/15/2018,29.4,29.4,29.4,29.4,29.4
10/16/2018,29.4,29.4,29.4,29.4,29.4
10/17/2018,29.4,29.4,29.4,29.4,29.4
10/18/2018,29.4,29.4,29.4,29.4,29.4
10/19/2018,29.4,29.4,29.4,29.4,29.4
10/22/2018,29.4,29.4,29.4,29.4,29.4
10/23/2018,29.4,29.4,29.4,29.4,29.4
10/24/2018,29.4,29.4,29.4,29.4,29.4
10/25/2018,32.34,32.34,32.34,32.34,32.34
10/26/2018,35.57,35.57,35.57,35.57,35.57
10/29/2018,34.11,39,39,34.01,34.1
10/30/2018,34,34,34,34,34
10/31/2018,36,36,36,36,36
11/1/2018,36,36,36,36,36
11/2/2018,39.6,39.6,39.6,39.6,39.6
11/5/2018,39.6,39.6,39.6,39.6,39.6
11/6/2018,39.6,39.6,39.6,39.6,39.6
11/7/2018,39.6,39.6,39.6,39.6,39.6
11/8/2018,39.6,39.6,39.6,39.6,39.6
11/9/2018,39.6,39.6,39.6,39.6,39.6
11/12/2018,35.64,35.64,35.64,35.64,35.64
11/13/2018,35.64,35.64,35.64,35.64,35.64
11/14/2018,35.64,35.64,35.64,35.64,35.64
11/15/2018,39.16,39.16,39.16,39.16,39.16
11/16/2018,39.16,39.16,39.16,39.16,39.16
11/19/2018,39.16,39.16,39.16,39.16,39.16
11/20/2018,35.31,35.31,35.31,35.31,35.31
11/21/2018,35.31,35.31,35.31,35.31,35.31
11/22/2018,35.31,35.31,35.31,35.31,35.31
11/23/2018,35.31,35.31,35.31,35.31,35.31
11/26/2018,35.51,35.51,35.51,35.51,35.51
11/27/2018,35.31,35.31,35.31,35.31,35.31
11/28/2018,33.02,33.02,33.02,33.02,33.02
11/29/2018,33.02,33.02,33.02,33.02,33.02
11/30/2018,33.02,33.02,33.02,33.02,33.02
12/3/2018,33.02,33.02,33.02,33.02,33.02
12/4/2018,33.02,33.02,33.02,33.02,33.02
12/5/2018,33.02,33.02,33.02,33.02,33.02
12/6/2018,33.02,33.02,33.02,33.02,33.02
12/7/2018,30.5,30.5,30.5,30.5,30.5
12/10/2018,30.5,30.5,30.5,30.5,30.5
12/11/2018,33.5,33.5,33.5,33.5,33.5
12/12/2018,33.5,33.5,33.5,33.5,33.5
12/13/2018,33.5,33.5,33.5,33.5,33.5
12/14/2018,33,33,33,33,33
12/17/2018,33,33,33,33,33
12/18/2018,30,30,30,30,30
12/19/2018,30,30,30,30,30
12/20/2018,29.19,33,33,27.01,29.23
12/21/2018,29.19,29.19,29.19,29.19,29.19
12/24/2018,29.19,29.19,29.19,29.19,29.19
12/25/2018,29.19,29.19,29.19,29.19,29.19
12/26/2018,29.19,29.19,29.19,29.19,29.19
12/27/2018,29.19,29.19,29.19,29.19,29.19
12/28/2018,29.19,29.19,29.19,29.19,29.19
1/2/2019,29.19,29.19,29.19,29.19,29.19
1/3/2019,29.19,29.19,29.19,29.19,29.19
1/4/2019,29.01,29.01,29.01,29.01,29.01
1/7/2019,29.01,29.01,29.01,29.01,29.01
1/8/2019,31.91,31.91,31.91,31.91,31.91
1/9/2019,35.1,35.1,35.1,35.1,35.1
1/10/2019,38.6,38.6,38.6,38.6,38.6
1/11/2019,35.08,41.88,41.88,35.05,41.86
1/14/2019,35.08,35.08,35.08,35.08,35.08
1/15/2019,35.08,35.08,35.08,35.08,35.08
1/16/2019,35.08,35.08,35.08,35.08,35.08
1/17/2019,33,33,33,33,33
1/18/2019,33,33,33,33,33
1/21/2019,30,30,30,30,30
1/22/2019,30,30,30,30,30
1/23/2019,30,30,30,30,30
1/24/2019,27.32,27.32,27.32,27.32,27.32
1/25/2019,27.32,27.32,27.32,27.32,27.32
1/28/2019,27.32,27.32,27.32,27.32,27.32
1/29/2019,27.32,27.32,27.32,27.32,27.32
1/30/2019,27.33,27.33,27.33,27.33,27.33
1/31/2019,30.06,30.06,30.06,30.06,30.06
2/1/2019,30.06,30.06,30.06,30.06,30.06
2/11/2019,30.06,30.06,30.06,30.06,30.06
2/12/2019,30.06,30.06,30.06,30.06,30.06
2/13/2019,30.06,30.06,30.06,30.06,30.06
2/14/2019,30.06,30.06,30.06,30.06,30.06
2/15/2019,30.06,30.06,30.06,30.06,30.06
2/18/2019,30.06,30.06,30.06,30.06,30.06
2/19/2019,30.06,30.06,30.06,30.06,30.06
2/20/2019,30.06,30.06,30.06,30.06,30.06
2/21/2019,33.07,33.07,33.07,33.07,33.07
2/22/2019,36.38,36.38,36.38,36.38,36.38
2/25/2019,40.02,40.02,40.02,40.02,40.02
2/26/2019,44,44.02,44.02,38,44
2/27/2019,40.34,40,40.05,40,40.34
2/28/2019,37,37,37,37,37
3/1/2019,37,37,37,37,37
3/4/2019,40.6,40.6,40.7,40.6,40.6
3/5/2019,40.59,36.54,41,36.54,40.59
3/6/2019,36.61,36.53,41,36.53,36.61
3/7/2019,40.27,40.27,40.27,40.27,40.27
3/8/2019,39.9,40,40,38,39.9
3/11/2019,39.9,39.9,39.9,39.9,39.9
3/12/2019,39.9,39.9,39.9,39.9,39.9
3/13/2019,39.9,39.9,39.9,39.9,39.9
3/14/2019,37.2,36,37.2,36,37.2
3/15/2019,37.2,37.2,37.2,37.2,37.2
3/18/2019,40.8,40.8,40.8,40.8,40.8
3/19/2019,41.26,41.8,41.8,41,41.26
3/20/2019,41.26,41.26,41.26,41.26,41.26
3/21/2019,41.26,41.26,41.26,41.26,41.26
3/22/2019,40.5,40.5,40.5,40.5,40.5
3/25/2019,36.45,36.45,36.45,36.45,36.45
3/26/2019,39.98,39.98,40,39.98,39.98
3/27/2019,40,40,40,40,40
3/28/2019,40.11,40.11,40.11,40.11,40.11
3/29/2019,40.88,40.88,40.88,40.88,40.88
4/1/2019,40.88,40.88,40.88,40.88,40.88
4/2/2019,40.88,40.88,40.88,40.88,40.88
4/3/2019,36.72,36.72,36.72,36.72,36.72
4/4/2019,39.72,33.05,40.39,33.05,39.72
4/8/2019,40.88,35.75,42.59,35.75,40.88
4/9/2019,40.88,40.88,40.88,40.88,40.88
4/10/2019,40.88,40.88,40.88,40.88,40.88
4/11/2019,38.01,38.01,38.01,38.01,38.01
4/12/2019,37.18,37.18,37.18,37.18,37.18
4/15/2019,37.18,37.18,37.18,37.18,37.18
4/16/2019,37.18,37.18,37.18,37.18,37.18
4/17/2019,37.22,35,37.22,35,37.22
4/18/2019,37.22,37.22,37.22,37.22,37.22
4/19/2019,40.8,40.8,40.8,40.8,40.8
4/22/2019,40.8,40.8,40.8,40.8,40.8
4/23/2019,40.8,40.8,40.8,40.8,40.8
4/24/2019,40.8,42,42,40.2,40.8
4/25/2019,36.72,36.72,36.72,36.72,36.72
4/26/2019,33.05,33.05,33.05,33.05,33.05
4/29/2019,36.36,36.36,36.36,36.36,36.36
4/30/2019,40,38,40,38,40
5/6/2019,38,38,38,38,38
5/7/2019,40.5,40.5,40.5,40.5,40.5
5/8/2019,40.15,43.88,43.88,40,40.15
5/9/2019,39.33,39.2,39.86,39.2,39.33
5/10/2019,40.28,40.27,40.58,40.27,40.28
5/13/2019,39.9,39.85,39.9,39.85,39.9
5/14/2019,39.93,39.93,39.93,39.93,39.93
5/15/2019,37.31,38,38,35.94,37.31
5/16/2019,40.03,40.03,40.03,40.03,40.03
5/17/2019,40.06,40.01,41,40.01,40.06
5/20/2019,41.6,41.6,41.6,41.6,41.6
5/21/2019,41.09,40.9,41.3,40.9,41.09
5/22/2019,41.09,41.09,41.09,41.09,41.09
5/23/2019,40.6,41.2,41.2,39.6,40.6
5/24/2019,40.86,40.8,40.86,40.8,40.86
5/27/2019,40.01,40,40.1,40,40.01
5/28/2019,40.06,40,40.5,40,40.06
5/29/2019,40.46,40.3,40.65,40.3,40.46
5/30/2019,40.71,40.06,41.6,40.05,40.71
5/31/2019,40.71,40.71,40.71,40.71,40.71
6/3/2019,40.71,40.71,40.71,40.71,40.71
6/4/2019,40.71,40.71,40.71,40.71,40.71
6/5/2019,40.71,40.71,40.71,40.71,40.71
6/6/2019,38.8,38.8,38.8,38.8,38.8
6/10/2019,38.8,38.8,38.8,38.8,38.8
6/11/2019,38.8,38.8,38.8,38.8,38.8
6/12/2019,39.05,40,40,39.05,39.05
6/13/2019,39,39,39,39,39
6/14/2019,39.36,39,41,39,39.36
6/17/2019,39.36,39.36,39.36,39.36,39.36
6/18/2019,40.5,40.5,40.5,40.5,40.5
6/19/2019,40.5,40.5,40.5,40.5,40.5
6/20/2019,38.37,38.37,38.37,38.37,38.37
6/21/2019,38.37,38.37,38.37,38.37,38.37
6/24/2019,40.26,39,40.5,39,40.26
6/25/2019,40.3,40.4,40.49,40.2,40.3
6/26/2019,40.2,40.2,40.2,40.2,40.2
6/27/2019,40.21,40.3,40.3,40.1,40.21
6/28/2019,42.1,42.57,44.15,40.25,42.1
7/1/2019,40.25,40.1,40.25,40.1,40.25
7/2/2019,40.55,40.55,40.55,40.55,40.55
7/3/2019,40,40,40,40,40
7/4/2019,40,40,40,40,40
7/5/2019,40,40,40,40,40
7/8/2019,40.55,40.5,40.99,40.5,40.55
7/9/2019,40.5,40.2,40.5,40.2,40.5
7/10/2019,40.5,40.5,40.5,40.5,40.5
7/11/2019,40.5,40.5,40.5,40.5,40.5
7/12/2019,40.5,40.5,40.5,40.5,40.5
7/15/2019,40.5,40.5,40.5,40.5,40.5
7/16/2019,40.5,40.5,40.5,40.5,40.5
7/17/2019,40.22,40.2,40.5,40.2,40.22
7/18/2019,40.35,40.3,40.5,40.3,40.35
7/19/2019,40.16,40,40.55,40,40.16
7/22/2019,39.5,39.5,39.5,39.5,39.5
7/23/2019,39.5,35.55,40.3,35.55,39.5
7/24/2019,40.8,40.8,40.8,40.8,40.8
7/25/2019,44.88,44.88,44.88,44.88,44.88
7/26/2019,40.39,40.39,40.39,40.39,40.39
7/29/2019,40.39,40.39,40.39,40.39,40.39
7/30/2019,36.4,36.35,40,36.35,36.4
7/31/2019,40.04,40.04,40.04,40.04,40.04
8/1/2019,40.06,40.06,40.06,40.06,40.06
8/2/2019,41.09,41,41.1,41,41.09
8/5/2019,44.8,44.8,44.8,44.8,44.8
8/6/2019,44.8,44.8,44.8,44.8,44.8
8/7/2019,44.8,44.8,44.8,44.8,44.8
8/8/2019,44.8,44.8,44.8,44.8,44.8
8/9/2019,44.8,44.8,44.8,44.8,44.8
8/12/2019,40.32,40.32,40.32,40.32,40.32
8/13/2019,43.12,43,44.3,43,43.12
8/14/2019,40.58,40.58,40.58,40.58,40.58
8/15/2019,40.58,40.58,40.58,40.58,40.58
8/16/2019,40.58,40.58,40.58,40.58,40.58
8/19/2019,40.58,40.58,40.58,40.58,40.58
8/20/2019,41.25,42,42,41.1,41.25
8/21/2019,41.25,41.25,41.25,41.25,41.25
8/22/2019,41.25,41.25,41.25,41.25,41.25
8/23/2019,41.25,41.25,41.25,41.25,41.25
8/26/2019,41.25,41.25,41.25,41.25,41.25
8/27/2019,40.06,40,41.8,40,40.06
8/28/2019,41.12,41,41.16,41.1,41.12
8/29/2019,41.2,41.2,41.2,41.2,41.2
8/30/2019,41.2,41.2,41.2,41.2,41.2
9/2/2019,41.12,41.12,41.12,41.12,41.12
9/3/2019,41.12,41.12,41.12,41.12,41.12
9/4/2019,43.99,40,44,40,43.99
9/5/2019,42.27,40,42.5,40,42.27
9/6/2019,42.27,42.27,42.27,42.27,42.27
9/9/2019,42.27,42.27,42.27,42.27,42.27
9/10/2019,42.27,42.27,42.27,42.27,42.27
9/11/2019,42.27,42.27,42.27,42.27,42.27
9/12/2019,42.27,42.27,42.27,42.27,42.27
9/16/2019,42.27,42.27,42.27,42.27,42.27
9/17/2019,42.27,42.27,42.27,42.27,42.27
9/18/2019,42.27,42.27,42.27,42.27,42.27
9/19/2019,43.19,43,43.5,43,43.19
9/20/2019,42.86,43,43,42,42.86
9/23/2019,42.86,42.86,42.86,42.86,42.86
9/24/2019,43.01,43.01,43.01,43.01,43.01
9/25/2019,43.26,44,44,43,43.26
9/26/2019,43.26,43.26,43.26,43.26,43.26
9/27/2019,44.5,44.5,44.5,44.5,44.5
9/30/2019,40.05,40.05,40.05,40.05,40.05
10/8/2019,44.5,44.5,44.5,44.5,44.5
10/9/2019,44.5,44.5,44.5,44.5,44.5
10/10/2019,43.6,42,43.63,42,43.6
10/11/2019,42.28,42.5,42.5,41,42.28
10/14/2019,42.28,42.28,42.28,42.28,42.28
10/15/2019,45.17,46.51,46.51,43,45.17
10/16/2019,47.79,48,48,43,47.79
10/17/2019,43.01,43.01,43.01,43.01,43.01
10/18/2019,43.95,43.6,44,43.5,43.89
10/21/2019,44.64,45,45,44.5,44.64
10/22/2019,44.73,44.5,45,44.5,44.73
10/23/2019,44.64,41.01,44.95,41.01,44.64
10/24/2019,44.92,44.88,44.95,44.88,44.92
10/25/2019,44.92,44.9,44.94,44.9,44.92
10/28/2019,44.5,44.5,44.5,44.5,44.5
10/29/2019,40.07,40.06,43,40.06,40.07
10/30/2019,36.16,36.16,36.16,36.16,36.16
10/31/2019,36.16,36.16,36.16,36.16,36.16
11/1/2019,39.78,39.78,39.78,39.78,39.78
11/4/2019,43,43,43,43,43
11/5/2019,43,43,43,43,43
11/6/2019,46.77,46.99,47.25,43.3,46.77
11/7/2019,44,44,44,44,44
11/8/2019,46.48,46.49,46.49,46.39,46.48
11/11/2019,44.39,42.01,45.5,42.01,44.39
11/12/2019,44.97,44.97,44.98,44.96,44.97
11/13/2019,43.4,41.01,44.88,41.01,43.4
11/14/2019,44.13,41,44.86,41,44.13
11/15/2019,44.21,41,47,40.5,44.21
11/18/2019,44,44.97,44.97,44,44.12
11/19/2019,44,44.2,44.5,44,44.02
11/20/2019,44.53,44,44.6,44,44.04
11/21/2019,44.35,44.2,44.86,44,44.31
11/22/2019,45.49,44,45.5,44,44.41
11/25/2019,44.99,45.88,46,44.8,44.99
11/26/2019,44.96,45.5,45.5,44.76,44.96
11/27/2019,45,45.5,45.5,44.89,45
11/28/2019,45.22,45.99,47,44,45.22
11/29/2019,45.22,45.22,45.22,45.22,45.22
12/2/2019,45.22,45.22,45.22,45.22,45.22
12/3/2019,45.22,45.22,45.22,45.22,45.22
12/4/2019,45.22,45.22,45.22,45.22,45.22
12/5/2019,45.22,45.22,45.22,45.22,45.22
12/6/2019,45.22,45.22,45.22,45.22,45.22
12/9/2019,42,42,42,42,42
12/10/2019,42,42,42,42,42
12/11/2019,40.35,38.01,44,38.01,40.35
12/12/2019,40.35,40.35,40.35,40.35,40.35
12/13/2019,40.35,40.35,40.35,40.35,40.35
12/16/2019,40.35,40.35,40.35,40.35,40.35
12/17/2019,40.35,40.35,40.35,40.35,40.35
12/18/2019,40.35,40.35,40.35,40.35,40.35
12/19/2019,40.35,40.35,40.35,40.35,40.35
12/20/2019,40.35,40.35,40.35,40.35,40.35
12/23/2019,40.35,40.35,40.35,40.35,40.35
12/24/2019,40.35,40.35,40.35,40.35,40.35
12/25/2019,40.35,40.35,40.35,40.35,40.35
12/26/2019,40.35,40.35,40.35,40.35,40.35
12/27/2019,40.35,40.35,40.35,40.35,40.35
12/30/2019,41.8,41.8,41.8,41.8,41.8
12/31/2019,45.95,45.95,45.95,45.95,45.95
1/2/2020,49.98,49.98,49.98,49.98,49.98
1/3/2020,44.98,44.98,44.98,44.98,44.98
1/6/2020,44.98,44.98,44.98,44.98,44.98
1/7/2020,40.5,40.5,40.5,40.5,40.5
1/8/2020,40.5,40.5,40.5,40.5,40.5
1/9/2020,36.48,36.48,36.48,36.48,36.48
1/10/2020,40.13,33,40.13,33,33
1/13/2020,44.14,44.14,44.14,44.14,44.14
1/14/2020,42,48.5,48.5,42,48.43
1/15/2020,37.85,37.85,37.85,37.85,37.85
1/16/2020,37.85,37.85,37.85,37.85,37.85
1/17/2020,37.85,37.85,37.85,37.85,37.85
1/20/2020,37.14,37.8,37.8,35.5,37.14
1/21/2020,37.14,37.14,37.14,37.14,37.14
1/22/2020,35.03,35.03,35.03,35.03,35.03
1/23/2020,35.03,35.03,35.03,35.03,35.03
2/10/2020,35.03,35.03,35.03,35.03,35.03
2/11/2020,35.03,35.03,35.03,35.03,35.03
2/12/2020,35.03,35.03,35.03,35.03,35.03
2/13/2020,35.03,35.03,35.03,35.03,35.03
2/14/2020,35.03,35.03,35.03,35.03,35.03
2/17/2020,35.03,35.03,35.03,35.03,35.03
2/18/2020,35.03,35.03,35.03,35.03,35.03
2/19/2020,35.03,35.03,35.03,35.03,35.03
2/20/2020,35.03,35.03,35.03,35.03,35.03
2/21/2020,35.03,35.03,35.03,35.03,35.03
2/24/2020,31.54,35,35,31.53,31.54
2/25/2020,31.54,31.54,31.54,31.54,31.54
2/26/2020,34.69,34.69,34.69,34.69,34.69
2/27/2020,38.16,38.16,38.16,38.16,38.16
2/28/2020,41.98,41.98,41.98,41.98,41.98
3/2/2020,41.98,41.98,41.98,41.98,41.98
3/3/2020,46.18,46.18,46.18,46.18,46.18
3/4/2020,45,49.95,49.95,45,45
3/5/2020,45,45,45,45,45
3/6/2020,42,42,42,42,42
3/9/2020,38.51,38.51,38.51,38.51,38.51
3/10/2020,38.51,38.51,38.51,38.51,38.51
3/11/2020,35,35,35,35,35
3/12/2020,38.5,38.5,38.5,38.5,38.5
3/13/2020,40,40,40,40,40
3/16/2020,43.5,43.5,43.5,43.5,43.5
3/17/2020,40,47.8,47.8,40,40
3/18/2020,36.66,36.66,36.66,36.66,36.66
3/19/2020,36.66,36.66,36.66,36.66,36.66
3/20/2020,33.5,33.5,33.5,33.5,33.5
3/23/2020,36.85,36.85,36.85,36.85,36.85
3/24/2020,40.54,40.54,40.54,40.54,40.54
3/25/2020,44,44,44,44,44
3/26/2020,44,44,44,44,44
3/27/2020,40,40,40,40,40
3/30/2020,40,40,40,40,40
3/31/2020,36.01,36.01,36.01,36.01,36.01
4/1/2020,36.01,36.01,36.01,36.01,36.01
4/2/2020,39,33,39,33,33.44
4/3/2020,42,42,42,42,42
4/7/2020,44.5,44.5,44.5,44.5,44.5
4/8/2020,48.88,48.88,48.88,48.88,48.88
4/9/2020,44,44,44,44,44
4/10/2020,40.5,40.5,40.5,40.5,40.5
4/13/2020,40.5,40.5,40.5,40.5,40.5
4/14/2020,39.6,39.6,39.6,39.6,39.6
4/15/2020,39.6,39.6,39.6,39.6,39.6
4/16/2020,36,36,36,36,36
4/17/2020,36,36,36,36,36
4/20/2020,39,32.5,39,32.5,39
4/21/2020,42,42,42,42,42
4/22/2020,42,42,42,42,42
4/23/2020,42,42,42,42,42
4/24/2020,46,46,46,46,46
4/27/2020,49.5,49.5,49.5,49.5,49.5
4/28/2020,44.55,44.55,44.55,44.55,44.55
4/29/2020,44.55,44.55,44.55,44.55,44.55
4/30/2020,44.55,44.55,44.55,44.55,44.55
5/6/2020,44.55,44.55,44.55,44.55,44.55
5/7/2020,40.1,40.1,40.1,40.1,40.1
5/8/2020,44.11,36.09,44.11,36.09,44.11
5/11/2020,44.11,44.11,44.11,44.11,44.11
5/12/2020,48.47,48.47,48.47,48.47,48.47
5/13/2020,43.62,43.62,43.62,43.62,43.62
5/14/2020,43.62,43.62,43.62,43.62,43.62
5/15/2020,43.62,43.62,43.62,43.62,43.62
5/18/2020,41.44,43.62,43.62,39.26,41.44
5/19/2020,41.44,41.44,41.44,41.44,41.44
5/20/2020,38,38,38,38,38
5/21/2020,41.8,41.8,41.8,41.8,41.8
5/22/2020,38,38,38,38,38
5/25/2020,38.1,38.1,38.1,38.1,38.1
5/26/2020,41.8,35.19,41.8,35.19,35.59
5/27/2020,40.05,40,41.8,38,40.05
5/28/2020,40.05,40.05,40.05,40.05,40.05
5/29/2020,41.9,41.9,41.9,41.9,41.9
6/1/2020,41.9,41.9,41.9,41.9,41.9
6/2/2020,38.59,46.05,46.05,37.75,45.66
6/3/2020,38.59,38.59,38.59,38.59,38.59
6/4/2020,42.3,34.75,42.3,34.75,35.14
6/5/2020,43.04,46.5,46.5,39.01,44.71
6/8/2020,38.9,38.9,38.9,38.9,38.9
6/9/2020,41.99,35.01,42,35.01,35.72
6/10/2020,45,45,45,45,45
6/11/2020,45,45,45,45,45
6/12/2020,49.51,49.5,49.5,49.58,41.43
6/15/2020,39.5,39.5,39.55,39.5,39.5
6/16/2020,39.2,35.6,43.45,35.6,39.19
6/17/2020,40.33,41,41,39,40.33
6/18/2020,39.87,36.3,44.3,36.3,39.87
6/19/2020,38.59,35.88,41.78,35.88,38.59
6/22/2020,38.59,38.59,38.59,38.59,38.59
6/23/2020,38.59,38.59,38.59,38.59,38.59
6/24/2020,38.59,38.59,38.59,38.59,38.59
6/29/2020,38.59,38.59,38.59,38.59,38.59
6/30/2020,38.59,38.59,38.59,38.59,38.59
7/1/2020,38.59,38.59,38.59,38.59,38.59
7/2/2020,38.59,38.59,38.59,38.59,38.59
7/3/2020,38.81,38.81,38.81,38.81,38.81
7/6/2020,34.93,34.93,34.93,34.93,34.93
7/7/2020,38.42,38.42,38.42,38.42,38.42
7/8/2020,38.42,38.42,38.42,38.42,38.42
7/9/2020,41.5,41.5,41.5,41.5,41.5
7/10/2020,41.5,41.5,41.5,41.5,41.5
7/13/2020,41.5,41.5,41.5,41.5,41.5
7/14/2020,41.5,41.5,41.5,41.5,41.5
7/15/2020,41.5,41.5,41.5,41.5,41.5
7/16/2020,41.5,41.5,41.5,41.5,41.5
7/17/2020,41.5,41.5,41.5,41.5,41.5
7/20/2020,40.81,40.81,40.81,40.81,40.81
7/21/2020,40.81,40.81,40.81,40.81,40.81
7/22/2020,40.81,40.81,40.81,40.81,40.81
7/23/2020,36.73,36.73,36.73,36.73,36.73
7/24/2020,40.38,40.38,40.38,40.38,40.38
7/27/2020,40.38,40.38,40.38,40.38,40.38
7/28/2020,40.32,40.2,40.38,40.2,40.32
7/29/2020,40.36,40.36,40.36,40.36,40.36
7/30/2020,40.73,40.5,40.8,40.5,40.73
7/31/2020,40.68,40.8,40.8,40.6,40.68
8/3/2020,40.8,40.8,40.8,40.8,40.8
8/4/2020,40.72,40.8,40.8,40.6,40.72
8/5/2020,40.52,40.5,40.6,40.5,40.52
8/6/2020,40.51,40.6,40.6,40.2,40.51
8/7/2020,42,36.8,42,36.8,42
8/10/2020,40.62,38,40.08,38,40.62
8/11/2020,36.8,36.8,36.8,36.8,36.8
8/12/2020,35.69,35,40.48,35,35.69
8/13/2020,38.6,38.6,38.6,38.6,38.6
8/14/2020,40.75,40.75,40.75,40.75,40.75
8/17/2020,40.21,40.5,40.5,40.1,40.21
8/18/2020,39.62,39.62,39.62,39.62,39.62
8/19/2020,40.04,40,40.1,40,40.04
8/20/2020,40.17,40.2,40.2,40,40.17
8/21/2020,40.21,40.25,40.25,39,40.21
8/24/2020,39.5,39.5,39.5,39.5,39.5
8/25/2020,40,40,40,40,40
8/26/2020,39.75,39.65,40,39.65,39.75
8/27/2020,39.74,40,40,39.6,39.74
8/28/2020,39.63,39.74,39.74,39.62,39.63
8/31/2020,40.09,40.09,40.09,40.05,40.09
9/1/2020,39.84,40.98,40.98,39.61,39.84
9/2/2020,39.65,39.88,39.88,39.61,39.65
9/3/2020,40,40,40,40,40
9/4/2020,40.12,39.5,40.92,39.5,40.12
9/7/2020,40.79,40.79,40.79,40.79,40.79
9/8/2020,40.46,41,41,40,40.46
9/9/2020,40.66,39.7,40.98,39.66,40.66
9/10/2020,40,40,40,39.96,40
9/11/2020,39.95,39.95,39.95,39.95,39.95
9/14/2020,40,40,40,40,40
9/15/2020,40.19,40.5,40.5,40,40.19
9/16/2020,40.5,40.5,40.5,40.5,40.5
9/17/2020,40.29,40,40.5,40,40.29
9/18/2020,40.29,40.29,40.29,40.29,40.29
9/21/2020,40.35,39.69,40.88,39.69,40.35
9/22/2020,40.98,40.98,40.98,40.98,40.98
9/23/2020,41.03,40.9,41.2,40.9,41.03
9/24/2020,40.8,40.5,40.98,40.5,40.8
9/25/2020,41.26,40,41.45,40,41.26
9/28/2020,41.82,41.01,41.99,41.01,41.82
9/29/2020,41.84,41.5,41.99,41.5,41.84
9/30/2020,42,42,42,41.99,42
10/9/2020,42,42,42,42,42
10/12/2020,41,41,41,41,41
10/13/2020,41,41,41,41,41
10/14/2020,41.01,41.01,41.01,41.01,41.01
10/15/2020,41.46,41.46,41.46,41.46,41.46
10/16/2020,41,41.46,42.5,40.09,41
10/19/2020,41.23,41.5,42,40.02,41.23
10/20/2020,41.52,42.4,42.4,40.5,41.52
10/21/2020,42.44,42,42.48,42,42.44
10/22/2020,42.1,42.1,42.1,42.1,42.1
10/23/2020,40.28,40.01,41.99,40,40.28
10/26/2020,40.15,40,40.5,40,40.15
10/27/2020,40.62,41,41,40.2,40.62
10/28/2020,40.24,40.2,40.5,40.2,40.24
10/29/2020,40.13,40.6,40.6,40,40.13
10/30/2020,40.13,40.13,40.13,40.13,40.13
11/2/2020,41.49,42.3,42.5,41,41.49
11/3/2020,41.49,41.49,41.49,41.49,41.49
11/4/2020,41.35,39,41.4,39,41.35
11/5/2020,40.65,37.23,40.99,37.23,40.65
11/6/2020,36.59,36.59,36.59,36.59,36.59
11/9/2020,40.05,34,40.2,34,40.05
11/10/2020,41.44,41.46,41.46,41.41,41.44
11/11/2020,37.3,37.3,37.3,37.3,37.3
11/12/2020,33.6,33.6,33.6,33.6,33.6
11/13/2020,30.3,30.3,30.3,30.3,30.3
11/16/2020,28.6,28.6,28.6,28.6,28.6
11/17/2020,28.6,28.6,28.6,28.6,28.6
11/18/2020,29.5,29.5,29.5,29.5,29.5
11/19/2020,32.45,32.45,32.45,32.45,32.45
11/20/2020,35.7,35.7,35.7,35.7,35.7
11/23/2020,39.27,39.27,39.27,39.27,39.27
11/24/2020,39.73,39.73,39.73,39.73,39.73
11/25/2020,41.5,41.5,41.5,41.5,41.5
11/26/2020,41.47,41.49,41.49,41.45,41.47
11/27/2020,41.47,41.47,41.47,41.47,41.47
11/30/2020,41.45,41.45,41.45,41.45,41.45
12/1/2020,41.45,41.45,41.45,41.45,41.45
12/2/2020,41.5,41.5,41.5,41.5,41.5
12/3/2020,41.5,41.5,41.5,41.5,41.5
12/4/2020,41.49,41.49,41.49,41.49,41.49
12/7/2020,41.49,41.49,41.49,41.49,41.49
12/8/2020,41.49,41.49,41.49,41.49,41.49
12/9/2020,41.5,41.5,41.5,41.5,41.5
12/10/2020,41.5,41.5,41.5,41.5,41.5
12/11/2020,41.5,41.5,41.5,41.5,41.5
12/14/2020,41.5,41.5,41.5,41.5,41.5
12/15/2020,41.5,41.5,41.5,41.5,41.5
12/16/2020,41.5,41.5,41.5,41.5,41.5
12/17/2020,41.5,41.5,41.5,41.5,41.5
12/18/2020,41.5,41.5,41.5,41.5,41.5
12/21/2020,39.8,39.73,41.5,39.73,39.8
12/22/2020,39.8,39.8,39.8,39.8,39.8
12/23/2020,35.82,35.82,35.82,35.82,35.82
12/23/2020,35.82,35.82,35.82,35.82,35.82
12/24/2020,39.8,39.8,39.8,39.8,39.8
12/25/2020,35.82,35.82,35.82,35.82,35.82
12/28/2020,39,39,39,39,39
12/29/2020,39,39,39,39,39
12/30/2020,39,39,39,39,39
12/31/2020,39,39,39,39,39
1/4/2021,39,39,39,39,39
1/5/2021,41.5,41.5,41.5,41.5,41.5
1/6/2021,38,38,38,38,38
1/7/2021,38,38,38,38,38
1/8/2021,41.5,41.5,41.5,41.5,41.5
1/11/2021,41.5,41.5,41.5,41.5,41.5
1/12/2021,41.5,41.5,41.5,41.5,41.5
1/13/2021,41.5,41.5,41.5,41.5,41.5
1/14/2021,41.5,41.5,41.5,41.5,41.5
1/15/2021,41.5,41.5,41.5,41.5,41.5
1/18/2021,41.45,41.5,41.45,41.45,41.45
1/19/2021,41.45,41.45,41.45,41.45,41.45
1/20/2021,41.45,41.45,41.45,41.45,41.45
1/21/2021,41.5,41.5,41.5,41.5,41.5
1/22/2021,41.5,41.5,41.5,41.5,41.5
1/25/2021,41.5,41.5,41.5,41.5,41.5
1/26/2021,41.45,41.45,41.45,41.45,41.45
1/27/2021,41.45,41.45,41.45,41.45,41.45
1/28/2021,41.4,41.4,41.4,41.4,41.4
1/29/2021,39.73,39.73,39.73,39.73,39.73
2/1/2021,39.73,39.73,39.73,39.73,39.73
2/2/2021,39.73,39.73,39.73,39.73,39.73
2/3/2021,40.5,40.5,40.5,40.5,40.5
2/4/2021,41.5,41.5,41.5,41.5,41.5
2/5/2021,41.41,41.41,41.41,41.41,41.41
2/8/2021,41.5,41.41,41.5,41.5,41.5
2/9/2021,41.5,41.5,41.5,41.5,41.5
2/10/2021,41.5,41.5,41.5,41.5,41.5
2/18/2021,41.5,41.5,41.5,41.5,41.5
2/19/2021,41.5,41.5,41.5,41.5,41.5
2/22/2021,42,42,42,42,42
2/23/2021,42,42,42,42,42
2/24/2021,41.45,41.45,41.45,41.45,41.45
2/25/2021,41.35,41.35,41.35,41.35,41.35
2/26/2021,41.35,41.35,41.35,41.35,41.35
3/1/2021,41.35,41.35,41.35,41.35,41.35
3/2/2021,41.35,41.35,41.35,41.35,41.35
3/3/2021,41.35,41.35,41.35,41.35,41.35
3/4/2021,42,42,42,42,42
3/5/2021,42,42,42,42,42
3/8/2021,41.45,41.45,41.45,41.45,41.45
3/9/2021,41.45,41.45,41.45,41.45,41.45
3/10/2021,41.45,41.45,41.45,41.45,41.45
3/11/2021,41.45,41.45,41.45,41.45,41.45
3/12/2021,41.45,41.45,41.45,41.45,41.45
3/15/2021,41.4,41.4,41.4,41.4,41.4
3/16/2021,41.4,41.4,41.4,41.4,41.4
3/17/2021,41.4,41.4,41.4,41.4,41.4
3/18/2021,41.4,41.4,41.4,41.4,41.4
3/19/2021,41.4,41.4,41.4,41.4,41.4
3/22/2021,41.5,41.5,41.5,41.5,41.5
3/23/2021,41.5,41.5,41.5,41.5,41.5
